Date,Solar,Wind,Hydro,Gas,Demand
2018-01-01,1313.181626,1863.217429,1393.636187,787.098284,5894.183422
2018-01-02,1502.799667,1914.109649,1365.647079,838.817229,5836.838672
2018-01-03,1354.995772,2318.568408,1383.408884,838.433137,5976.355739
2018-01-04,1399.517036,2102.921817,1372.167898,871.120478,5930.427316
2018-01-05,1414.21534,2029.020369,1334.325933,817.464123,5796.944096
2018-01-06,1369.570254,1898.12472,1387.147204,809.816931,5835.098578
2018-01-07,1327.741523,1800.770928,1333.562493,836.92322,5693.85982
2018-01-08,1471.075758,1709.440571,1347.273267,829.401618,6003.001943
2018-01-09,1453.204353,1539.059048,1330.087978,764.276942,5857.402171
2018-01-10,1293.616997,1601.524194,1376.365691,878.550364,5839.861435
2018-01-11,1597.132608,1687.610016,1335.64031,851.29413,6034.332329
2018-01-12,1503.213892,2007.501496,1333.648495,849.450399,6058.52726
2018-01-13,1384.975068,2084.99011,1273.547817,822.353736,5842.976094
2018-01-14,1504.106195,2030.43772,1336.892981,858.463454,5773.016652
2018-01-15,1411.191986,2344.212557,1379.683519,840.309277,6046.414875
2018-01-16,1442.662217,2170.375924,1270.253711,897.349296,6012.067772
2018-01-17,1505.265847,2167.050494,1354.316341,872.000612,6026.854323
2018-01-18,1365.31979,1763.188694,1338.351417,894.880011,5979.428886
2018-01-19,1496.938999,1626.863641,1277.516413,817.12768,5891.66804
2018-01-20,1558.001526,1584.448934,1322.001923,828.75419,5863.259206
2018-01-21,1556.178474,1501.164261,1368.195301,843.632666,6029.415325
2018-01-22,1446.282868,1713.076036,1333.219965,838.883174,5978.437615
2018-01-23,1534.208735,2032.231536,1344.302178,906.274969,6030.807268
2018-01-24,1361.333562,2154.719015,1369.320778,870.512678,6041.154989
2018-01-25,1467.707296,1993.056557,1318.01738,828.934804,6130.907505
2018-01-26,1514.275664,2353.350085,1358.15781,854.09748,6080.913874
2018-01-27,1392.88482,2198.067521,1283.178964,917.770609,5907.1846
2018-01-28,1485.43651,2092.26154,1295.317571,855.340323,6106.937524
2018-01-29,1616.195575,1846.564371,1374.67507,883.892659,6088.530833
2018-01-30,1683.134195,1712.602138,1370.238442,815.638889,6105.401294
2018-01-31,1558.766401,1628.677445,1354.529809,851.268222,6029.149732
2018-02-01,1566.930989,1655.228532,1268.537723,864.429931,5962.643393
2018-02-02,1446.459175,1675.136002,1311.91714,862.616078,6133.710284
2018-02-03,1433.677622,2034.433455,1287.838478,871.359728,5952.295621
2018-02-04,1424.304156,2131.989083,1384.589553,882.935302,6013.55912
2018-02-05,1565.98459,2264.955649,1269.996885,907.807769,5924.68387
2018-02-06,1585.704251,2288.151438,1271.657104,822.752873,6258.901496
2018-02-07,1492.026442,2157.221844,1294.432141,877.639198,6126.120096
2018-02-08,1457.281074,2031.40211,1325.803553,897.983675,6195.915317
2018-02-09,1566.541992,1740.050186,1293.380979,884.975443,6042.89076
2018-02-10,1575.715196,1736.167234,1302.407408,913.233138,6026.926315
2018-02-11,1550.027068,1665.03847,1322.509481,876.388695,6036.762088
2018-02-12,1653.52586,1644.697333,1312.581976,868.453163,6242.293721
2018-02-13,1563.632477,1628.947452,1245.658884,857.801653,6219.760262
2018-02-14,1571.090112,2075.481218,1266.727838,910.508551,5987.278895
2018-02-15,1503.792856,2110.765244,1366.648973,846.160497,6181.968519
2018-02-16,1596.596738,2241.703863,1311.00659,872.579198,6179.875827
2018-02-17,1687.150099,2241.530067,1372.16302,885.139745,6026.743264
2018-02-18,1602.970932,2142.932832,1359.269234,905.699378,6076.927993
2018-02-19,1609.550638,2011.551605,1346.759282,879.630132,6232.124026
2018-02-20,1640.896025,1770.992807,1310.284339,861.234713,6268.691632
2018-02-21,1635.973719,1669.907367,1361.1525,907.533839,6096.806026
2018-02-22,1659.731471,1835.168111,1291.823074,857.010009,6125.938024
2018-02-23,1666.300705,1781.56593,1385.14982,870.203157,6205.384379
2018-02-24,1678.181852,1972.132822,1327.959843,832.994873,6141.695245
2018-02-25,1585.4621,1906.57536,1328.173216,898.749411,6009.682703
2018-02-26,1668.378476,1962.718799,1294.097403,898.440612,6215.304641
2018-02-27,1541.49535,2126.699522,1287.943397,843.17297,6112.766075
2018-02-28,1678.711828,2037.445408,1299.260449,889.043182,6226.377328
2018-03-01,1578.115112,2299.054957,1290.098726,913.217377,6212.512072
2018-03-02,1667.872213,2162.61668,1278.086562,877.431159,6274.205986
2018-03-03,1712.514665,1884.314405,1271.090456,848.398431,6231.447616
2018-03-04,1656.797143,1759.205329,1315.583429,895.950619,6054.241667
2018-03-05,1699.216567,1684.553117,1350.471927,917.741054,6279.231737
2018-03-06,1584.118516,1666.016096,1377.496082,844.975593,6115.065949
2018-03-07,1645.540903,1858.160654,1336.45653,926.453592,6277.119693
2018-03-08,1760.357951,1870.944493,1306.697315,899.823557,6403.301178
2018-03-09,1638.016348,2092.499687,1332.224127,929.921962,6128.812162
2018-03-10,1771.044298,2234.791761,1370.589581,872.367632,6098.582722
2018-03-11,1635.028688,2119.477889,1316.660345,931.758521,5878.450734
2018-03-12,1675.418425,2107.725372,1347.528147,914.136785,6304.278184
2018-03-13,1668.994808,2087.865735,1326.678812,928.652174,6455.575564
2018-03-14,1752.930237,1901.5527,1318.520201,908.20749,6196.746853
2018-03-15,1796.604767,1497.945046,1294.969605,935.969913,6306.230194
2018-03-16,1691.374633,1728.202209,1340.078867,902.338577,6398.13163
2018-03-17,1760.069766,1701.792901,1287.329735,895.045085,6099.691255
2018-03-18,1893.109217,1854.758777,1282.063042,877.870636,6184.523326
2018-03-19,1764.160932,1948.849048,1329.514326,862.709781,6225.635137
2018-03-20,1736.081128,2176.884367,1352.186485,911.822305,6252.704685
2018-03-21,1827.060531,2122.544775,1351.419131,900.181629,6297.681684
2018-03-22,1791.157099,2243.807812,1349.476997,907.674257,6371.948984
2018-03-23,1764.503275,2092.254016,1310.595797,902.842025,6320.113628
2018-03-24,1694.727487,1990.904097,1317.597689,921.987802,6179.710975
2018-03-25,1884.509935,1964.388407,1362.075783,913.579597,6170.83464
2018-03-26,1794.046514,1854.629358,1395.71729,895.043824,6398.718518
2018-03-27,1840.855413,1635.931168,1232.148288,935.529553,6352.292842
2018-03-28,1773.114971,1616.72282,1368.427859,976.327869,6346.460479
2018-03-29,1945.445435,1841.509544,1335.27072,887.855627,6157.2335
2018-03-30,1913.415909,1981.247777,1326.894618,901.354228,6297.261715
2018-03-31,1936.447429,2281.263919,1304.401535,931.203516,6106.573993
2018-04-01,1866.758061,2279.79395,1309.275737,893.589793,6346.24767
2018-04-02,1913.920878,2035.644378,1290.756491,945.958681,6376.646107
2018-04-03,1950.164275,2176.287626,1343.019612,895.66707,6444.394762
2018-04-04,1966.061635,1990.620095,1301.332774,880.561424,6252.871549
2018-04-05,1922.919073,1767.873644,1330.03169,888.487802,6194.630362
2018-04-06,1903.29026,1701.142063,1285.745449,948.291174,6257.420673
2018-04-07,1888.999518,1618.324836,1380.593797,857.047939,6260.435278
2018-04-08,1868.263737,1604.469969,1364.313116,921.233766,6149.523306
2018-04-09,1859.555308,1885.945492,1301.841068,853.911264,6389.35584
2018-04-10,1958.773649,1952.104831,1359.748234,939.997679,6443.888033
2018-04-11,1922.845413,2123.016292,1331.762767,930.251965,6301.998106
2018-04-12,1806.605576,2214.718025,1316.88287,938.385967,6414.234079
2018-04-13,1941.756357,2333.037212,1351.154512,982.768182,6144.747082
2018-04-14,2033.354839,2047.051704,1379.604691,917.49336,6106.350011
2018-04-15,1945.840639,2104.264266,1404.49365,954.453603,6159.938401
2018-04-16,1841.536248,1794.143677,1363.262128,938.02045,6303.073169
2018-04-17,1968.682261,1797.445129,1396.376126,951.810911,6210.829238
2018-04-18,2038.398354,1715.303928,1381.183762,898.544582,6300.157952
2018-04-19,2003.599695,1654.819315,1382.968604,954.536207,6419.688595
2018-04-20,1965.448173,1682.732428,1395.368722,912.029339,6402.812372
2018-04-21,2130.689372,1916.512988,1316.109731,965.749132,6247.055983
2018-04-22,2140.142047,2090.609409,1351.431606,949.997184,6132.792586
2018-04-23,2006.030489,2040.920211,1419.106008,924.083739,6450.067075
2018-04-24,2075.573313,2165.432895,1322.662663,939.958653,6384.860326
2018-04-25,2051.753933,2055.176401,1341.931207,938.390293,6242.914915
2018-04-26,2084.561154,2089.22418,1438.629545,929.241492,6411.135845
2018-04-27,2137.101964,1938.326035,1339.660443,1002.253057,6297.599955
2018-04-28,2098.229137,1567.804981,1381.491347,897.562475,6252.133876
2018-04-29,2052.327383,1508.985043,1388.57717,881.533462,6237.060448
2018-04-30,2005.741657,1459.991811,1371.184141,882.533083,6373.516789
2018-05-01,1999.879595,1715.210223,1415.802285,914.532524,6449.935417
2018-05-02,2060.072664,1931.766006,1415.616181,920.315993,6535.13667
2018-05-03,2148.004425,2187.168575,1363.468308,941.872881,6354.319798
2018-05-04,2092.960149,2023.682034,1450.557292,950.705795,6330.083603
2018-05-05,2080.549368,2244.666398,1363.547875,928.423469,6195.056633
2018-05-06,2099.674204,2070.818037,1378.641069,925.21272,6235.793818
2018-05-07,2088.913644,1866.931381,1391.353393,892.54031,6366.071017
2018-05-08,2129.379903,1719.531437,1405.505667,950.083557,6203.096914
2018-05-09,2017.041583,1529.515268,1362.276889,960.894232,6320.216658
2018-05-10,1961.869628,1561.045934,1411.257421,915.900112,6504.840558
2018-05-11,2074.775717,1542.822505,1328.52228,940.444767,6373.581322
2018-05-12,2028.410191,1762.12167,1389.84139,899.644006,6277.920543
2018-05-13,2226.122769,1775.036083,1377.918656,917.42241,6179.522661
2018-05-14,2106.094831,1821.457923,1386.854357,920.60793,6484.543485
2018-05-15,2103.518322,2013.118265,1410.571911,942.801643,6348.894363
2018-05-16,2017.484864,2154.482815,1424.021317,872.995954,6269.577647
2018-05-17,2148.741641,1914.174294,1392.016575,917.736527,6230.136142
2018-05-18,2089.085386,1826.328311,1421.031772,941.910093,6330.821489
2018-05-19,2214.909948,1760.729412,1370.295324,924.764605,6317.960551
2018-05-20,2198.812475,1436.744619,1411.681204,933.655288,6108.714597
2018-05-21,2089.0583,1558.153238,1459.344473,838.417238,6197.790361
2018-05-22,2175.463592,1534.592044,1405.606269,886.294318,6081.256805
2018-05-23,1959.38413,1564.431823,1421.047725,898.506763,6334.398985
2018-05-24,2105.958181,1779.597802,1433.405736,887.494523,6178.858219
2018-05-25,2243.356799,1905.430353,1464.567287,839.207077,6204.094771
2018-05-26,2214.362247,2027.255836,1451.812318,940.204502,6052.450995
2018-05-27,2174.141691,2055.114613,1435.716783,914.83217,6063.695497
2018-05-28,2162.530269,2008.724499,1409.353529,848.274438,6320.75444
2018-05-29,2067.82007,1846.061105,1454.643005,890.825472,6184.923003
2018-05-30,2074.484946,1606.218911,1349.405328,905.515406,6260.366016
2018-05-31,2187.708524,1432.121018,1465.726817,932.1902,6180.125769
2018-06-01,2297.671299,1628.361869,1427.798564,922.493996,6206.502464
2018-06-02,2024.550698,1365.561461,1478.276191,871.131041,6169.474867
2018-06-03,2222.561992,1563.231196,1456.384601,880.897105,6164.669399
2018-06-04,2222.594385,1851.183728,1507.467335,906.327704,6125.821741
2018-06-05,2248.893888,1999.154962,1441.399418,928.10129,6222.552778
2018-06-06,2123.210639,1957.712177,1397.682406,884.208683,6135.923908
2018-06-07,2148.63083,2224.415693,1469.16867,877.597184,6271.745015
2018-06-08,2190.348508,2125.596022,1453.895771,912.857884,6154.187317
2018-06-09,2116.596727,1786.105241,1469.862209,898.653462,6003.193183
2018-06-10,2103.734864,1522.338214,1516.501049,934.502751,6147.676524
2018-06-11,2129.094439,1536.957663,1446.960791,906.905902,6144.581021
2018-06-12,2186.995724,1386.721427,1503.672937,921.341449,6198.795793
2018-06-13,2219.05475,1398.537878,1513.405715,831.28379,6243.653831
2018-06-14,2191.945945,1464.992112,1522.147461,848.387377,6132.512147
2018-06-15,2199.755751,1650.596354,1419.004142,842.070726,6145.934118
2018-06-16,2147.036885,1885.683909,1495.238596,866.180253,6098.996934
2018-06-17,2144.898618,2064.428514,1468.66539,896.110314,6235.907657
2018-06-18,2274.130304,1819.779362,1486.830195,876.115983,6208.525894
2018-06-19,2192.062078,1715.137919,1469.165478,898.448995,6215.964507
2018-06-20,2190.225317,1862.106138,1488.290077,859.258784,6150.60024
2018-06-21,2261.491361,1518.839477,1534.21032,910.221122,6139.564953
2018-06-22,2282.530758,1503.871226,1563.222157,905.273226,6264.720787
2018-06-23,2284.672566,1374.504725,1530.495398,826.40163,5949.586059
2018-06-24,2223.615997,1498.609473,1466.504441,845.053963,5947.659136
2018-06-25,2191.190492,1581.193346,1553.964234,857.342617,6248.029545
2018-06-26,2214.358398,1641.749832,1470.815209,899.434929,6050.550846
2018-06-27,2205.933859,1819.178474,1502.594069,897.043609,6005.103473
2018-06-28,2290.365983,1975.299108,1556.570931,926.417581,6146.92356
2018-06-29,2212.029343,2035.362027,1499.72306,825.663833,6185.71388
2018-06-30,2235.202312,1835.435928,1546.754888,876.408022,6124.908206
2018-07-01,2187.374062,1603.049085,1515.088858,868.082776,6158.261566
2018-07-02,2283.99691,1567.761619,1486.681101,858.881071,5892.342985
2018-07-03,2042.909004,1402.18637,1535.777071,861.887893,6062.294385
2018-07-04,2211.709028,1315.283924,1512.096372,802.224552,6046.37839
2018-07-05,2236.304644,1261.908514,1593.111239,872.333222,6099.883891
2018-07-06,2100.52893,1519.090838,1597.860613,849.507623,5990.050282
2018-07-07,2330.316949,1477.127053,1590.60664,823.012351,5940.401179
2018-07-08,2167.291439,1756.020393,1503.639334,902.415411,5955.459339
2018-07-09,2164.432167,2028.849282,1605.897011,837.551345,6062.706405
2018-07-10,2097.944827,1835.55785,1553.313991,864.28641,5967.748649
2018-07-11,2232.645041,1896.003757,1561.943649,835.081467,6055.045731
2018-07-12,2184.471893,1747.110542,1553.13198,807.825224,5954.345494
2018-07-13,2124.810278,1564.718038,1529.423666,839.590401,5950.662781
2018-07-14,2179.41449,1224.067907,1554.535029,861.847277,5875.494614
2018-07-15,2208.855555,1388.650332,1582.206412,820.650688,5960.054693
2018-07-16,2243.013015,1333.547399,1606.960691,865.164138,5834.680113
2018-07-17,2170.120839,1478.62147,1574.956782,900.413296,5995.245644
2018-07-18,2084.387966,1629.617753,1557.551173,883.725986,6112.918957
2018-07-19,2109.787865,1775.409282,1542.234665,837.154004,6002.248573
2018-07-20,1984.584872,1993.330741,1549.411217,821.451622,5937.532539
2018-07-21,2090.845622,2035.748466,1617.852589,872.184417,5879.329272
2018-07-22,2190.162342,1663.674294,1587.143966,801.006886,5987.072888
2018-07-23,2167.62761,1609.131545,1572.908712,810.632195,5951.895931
2018-07-24,2123.794911,1484.255134,1509.735369,893.491731,5900.274045
2018-07-25,2103.666437,1152.949037,1506.949381,851.741287,6020.235845
2018-07-26,2234.608154,1403.365346,1592.575464,854.099521,5926.467595
2018-07-27,2139.475699,1225.523084,1592.379815,829.415111,5883.404982
2018-07-28,2179.320478,1459.826392,1610.478832,923.401134,5888.259459
2018-07-29,2139.14725,1597.14694,1580.109889,931.479113,5739.884306
2018-07-30,2060.383718,1726.476908,1551.924739,830.907204,5900.344662
2018-07-31,2211.772819,1769.830575,1516.647529,859.73239,6034.990908
2018-08-01,2011.794543,1851.273639,1545.165804,824.864331,5928.285181
2018-08-02,2010.211097,1816.392632,1498.028088,846.572987,6018.514087
2018-08-03,2059.294755,1727.673399,1589.403516,872.262816,5751.284463
2018-08-04,2033.565391,1459.713711,1596.559133,869.640966,5649.49889
2018-08-05,2040.840893,1291.595803,1628.799962,822.305008,5705.903949
2018-08-06,2033.006318,1229.566831,1519.063244,840.895081,5876.161624
2018-08-07,2139.138875,1392.491181,1534.230048,914.034064,5718.028722
2018-08-08,2068.832622,1416.408734,1605.247354,856.067412,5895.331322
2018-08-09,2084.572109,1498.760449,1596.210965,869.48353,5824.3844
2018-08-10,1943.603396,1615.061561,1516.224989,842.226818,5821.30134
2018-08-11,1990.221954,1806.308332,1561.859722,820.58068,5743.123474
2018-08-12,2120.101919,1785.319119,1590.44222,789.175736,5713.462686
2018-08-13,1954.51533,1754.553996,1574.340573,791.664186,5746.863082
2018-08-14,2115.810893,1763.718063,1601.35871,769.536943,5825.047002
2018-08-15,1955.628615,1525.339022,1590.149009,786.026307,5737.286558
2018-08-16,2043.114599,1333.405242,1570.159296,791.366502,5947.848879
2018-08-17,1957.260866,1274.523061,1603.340476,839.460214,5790.35857
2018-08-18,2024.525368,1417.293818,1587.866106,765.25605,5682.431604
2018-08-19,1941.989214,1275.932633,1631.292019,827.841299,5643.669836
2018-08-20,1981.142745,1587.51397,1541.214063,753.875451,5817.776649
2018-08-21,2110.265813,1698.778679,1583.710833,892.727154,5830.570598
2018-08-22,1960.943772,1845.35745,1568.528845,794.362089,5794.783452
2018-08-23,2123.75806,1863.902573,1583.885987,815.692191,5711.782598
2018-08-24,1942.98305,1754.688002,1606.658418,863.854366,5892.575938
2018-08-25,1886.659061,1681.986757,1615.226201,803.204121,5670.359562
2018-08-26,1968.030962,1261.567555,1518.646305,811.275032,5506.978295
2018-08-27,1927.914153,1331.725177,1633.345528,811.755438,5590.975979
2018-08-28,2073.220565,1292.693084,1611.904853,823.505903,5682.43574
2018-08-29,2004.203333,1171.239695,1611.416569,790.169503,5674.212157
2018-08-30,2020.260696,1285.343788,1595.637457,858.348584,5627.601515
2018-08-31,1975.380518,1714.324687,1626.099082,838.874731,5683.143582
2018-09-01,2097.68668,1633.043285,1607.406526,807.341632,5670.044351
2018-09-02,1973.834428,1795.848715,1530.460422,839.666151,5745.19779
2018-09-03,1948.909336,1785.843072,1569.591731,798.22129,5773.456947
2018-09-04,1847.105057,1726.689695,1583.67905,784.368986,5779.350495
2018-09-05,1834.928896,1572.271997,1579.56298,796.543132,5844.831182
2018-09-06,1904.864713,1266.016949,1576.281793,813.32677,5930.292235
2018-09-07,1955.170689,1519.538648,1612.736238,750.846694,5837.937392
2018-09-08,1956.851718,1167.765602,1552.257094,787.490108,5667.882699
2018-09-09,1805.896838,1292.559142,1564.618504,810.500869,5601.23541
2018-09-10,1902.466337,1368.104671,1555.660448,762.149161,5643.086802
2018-09-11,1872.073765,1666.888024,1588.657218,805.323036,5762.734404
2018-09-12,1773.515449,1779.100768,1604.438079,760.565733,5825.62843
2018-09-13,1880.862119,1935.181674,1556.980412,799.8762,5746.705348
2018-09-14,1679.31899,1964.499565,1601.40744,790.809954,5670.504463
2018-09-15,1849.894459,1862.248661,1568.147761,802.975141,5644.27775
2018-09-16,1997.670023,1641.645852,1635.488552,769.263269,5583.768147
2018-09-17,1746.483879,1543.537111,1507.650024,730.464022,5657.134491
2018-09-18,1812.381001,1171.232377,1584.297104,710.661087,5535.994129
2018-09-19,1671.659022,1320.590311,1623.949828,904.442497,5749.597464
2018-09-20,1744.595342,1330.134253,1570.30448,744.04145,5643.797019
2018-09-21,1843.567995,1412.050599,1543.610597,761.779773,5797.707159
2018-09-22,1710.853281,1437.311828,1550.927035,737.009557,5521.470337
2018-09-23,1774.623805,1847.40253,1599.563873,830.179943,5580.951223
2018-09-24,1745.363147,1785.35995,1560.195608,809.171784,5643.302515
2018-09-25,1736.946806,1928.343264,1615.105323,812.875073,5840.851176
2018-09-26,1770.004884,1634.658984,1578.891867,751.048434,5804.383252
2018-09-27,1783.802725,1636.245385,1556.657677,817.106157,5685.124326
2018-09-28,1829.264063,1418.435698,1559.562442,761.846312,5807.10944
2018-09-29,1794.720424,1259.02139,1590.23811,823.147977,5455.756849
2018-09-30,1690.152534,1197.074793,1607.9297,781.906663,5617.224785
2018-10-01,1822.033958,1442.554586,1543.047396,713.1937,5632.166907
2018-10-02,1803.714486,1398.52648,1528.575062,780.486883,5666.691839
2018-10-03,1600.562756,1604.210763,1527.671923,756.386372,5637.78739
2018-10-04,1749.63645,1936.99202,1583.734971,857.868766,5727.192381
2018-10-05,1754.27156,1736.035002,1629.415371,741.878306,5521.426173
2018-10-06,1757.562579,2028.288533,1546.131118,773.295165,5514.291781
2018-10-07,1721.695469,1786.595455,1586.419062,773.532405,5671.083005
2018-10-08,1586.097812,1616.305046,1547.503313,755.977895,5477.571158
2018-10-09,1651.710107,1460.479003,1592.233398,759.149359,5653.648324
2018-10-10,1519.112259,1188.094087,1506.411284,779.854318,5556.34238
2018-10-11,1646.596683,1141.391858,1577.434764,792.137958,5441.182642
2018-10-12,1793.339714,1204.649172,1509.315197,768.018121,5704.508064
2018-10-13,1692.732259,1374.47237,1523.581245,772.745397,5508.504508
2018-10-14,1697.310975,1661.318904,1563.139603,780.98803,5659.244427
2018-10-15,1596.634696,1867.304615,1541.393933,751.473537,5509.264904
2018-10-16,1555.328975,1855.874717,1545.558269,773.467405,5702.083711
2018-10-17,1545.414615,1949.895227,1564.519531,781.818531,5806.515735
2018-10-18,1622.96367,1884.430191,1551.20886,812.556718,5510.989513
2018-10-19,1552.089834,1678.278007,1594.552884,801.839408,5726.098878
2018-10-20,1557.734331,1544.332185,1566.946403,796.228414,5610.902307
2018-10-21,1676.609898,1324.523818,1508.708521,809.27884,5569.64729
2018-10-22,1475.81866,1356.002635,1534.107793,756.998501,5792.794221
2018-10-23,1492.950074,1314.218476,1515.346799,816.06414,5731.328141
2018-10-24,1543.517823,1456.899581,1518.412202,769.77394,5612.908736
2018-10-25,1566.629736,1649.357921,1592.955141,776.892841,5609.268573
2018-10-26,1558.999014,1812.792628,1501.193033,768.850979,5664.572779
2018-10-27,1464.808255,1854.803212,1571.043516,801.987517,5699.043343
2018-10-28,1570.727643,1826.440701,1577.071727,762.086643,5547.407393
2018-10-29,1542.765737,1870.350765,1617.901085,800.043532,5757.008449
2018-10-30,1571.358446,1679.366481,1520.465473,771.509104,5669.320533
2018-10-31,1465.547507,1508.152305,1527.063204,767.007025,5737.189062
2018-11-01,1553.37456,1400.043351,1526.303573,794.912832,5731.02541
2018-11-02,1546.644544,1275.226309,1500.841627,756.674004,5792.379691
2018-11-03,1479.994637,1407.354568,1573.578456,820.003134,5726.182851
2018-11-04,1506.046286,1522.403998,1577.872932,761.602455,5527.50072
2018-11-05,1477.625111,1579.646608,1426.412262,769.201279,5593.515818
2018-11-06,1606.776886,1866.750061,1493.351057,821.063698,5687.752218
2018-11-07,1288.82806,1867.274627,1544.039997,739.192847,5693.649502
2018-11-08,1401.320737,2046.409934,1463.644895,812.675706,5722.131809
2018-11-09,1378.797858,1966.758154,1473.150737,787.486584,5787.939727
2018-11-10,1467.368828,1764.307229,1496.17766,788.66857,5547.914597
2018-11-11,1442.067634,1670.910708,1492.184137,792.377127,5587.120453
2018-11-12,1456.591842,1536.846977,1483.796072,758.896989,5710.498469
2018-11-13,1531.619893,1414.658536,1482.899758,837.875508,5807.665137
2018-11-14,1363.016907,1239.362202,1549.036778,804.405783,5678.099839
2018-11-15,1414.194472,1535.043377,1401.434483,808.473513,5821.393751
2018-11-16,1453.972427,1714.93419,1462.581593,813.848512,5888.295552
2018-11-17,1381.728327,1942.900262,1437.791968,819.278913,5585.237781
2018-11-18,1488.175796,1902.307021,1483.867416,799.718388,5730.254145
2018-11-19,1481.86946,2082.246761,1457.384144,761.977425,5778.287375
2018-11-20,1405.632344,1980.507803,1487.499166,751.966942,5728.885137
2018-11-21,1328.082051,1839.548967,1468.432475,750.404792,5912.108503
2018-11-22,1560.916968,1518.185564,1546.791747,778.753775,5849.032777
2018-11-23,1478.738139,1405.987421,1416.811981,823.861444,5718.773784
2018-11-24,1472.431458,1514.56188,1443.638654,754.076636,5677.98202
2018-11-25,1444.940498,1516.109802,1489.031778,783.966211,5574.892421
2018-11-26,1436.587892,1554.356814,1442.240065,813.583055,5637.439316
2018-11-27,1492.604779,1832.889441,1458.502264,785.627894,5851.910129
2018-11-28,1430.772576,1933.176908,1396.630481,788.688842,5765.344226
2018-11-29,1385.245937,1992.080521,1473.249783,764.755084,5911.600042
2018-11-30,1476.728559,1916.886653,1441.103904,803.317263,5787.101269
2018-12-01,1429.006563,2078.724447,1462.943895,781.142918,5681.035793
2018-12-02,1368.630058,1829.693288,1408.10156,778.392134,5652.039378
2018-12-03,1357.253731,1689.306006,1418.574827,788.295725,5800.220435
2018-12-04,1500.373368,1361.829008,1405.021891,812.731851,5721.696896
2018-12-05,1461.175293,1403.858733,1491.456623,831.9758,5774.160623
2018-12-06,1553.613768,1507.679317,1368.409148,767.982806,5647.628476
2018-12-07,1376.900927,1578.880898,1442.950436,819.114184,5645.802098
2018-12-08,1360.272565,1708.968648,1434.432955,771.326134,5568.760472
2018-12-09,1439.261082,1849.190486,1467.752035,749.092409,5637.105556
2018-12-10,1506.330673,2086.978797,1430.29277,786.581691,5807.728675
2018-12-11,1450.443787,2064.228438,1381.482239,809.637551,5804.328239
2018-12-12,1438.00656,1996.606652,1433.567025,807.20545,5925.971391
2018-12-13,1538.905828,1855.028026,1351.873929,821.316092,6042.487447
2018-12-14,1354.026465,1649.165775,1447.904029,749.25328,5624.539925
2018-12-15,1318.071139,1531.669744,1404.293868,854.445142,5843.601235
2018-12-16,1352.784788,1435.999196,1379.391207,838.162927,5803.966885
2018-12-17,1382.325495,1522.172833,1385.65116,834.420225,5798.069994
2018-12-18,1430.354524,1516.612296,1421.614226,766.562738,5865.956738
2018-12-19,1475.588721,1714.974123,1339.328711,830.23634,5689.291848
2018-12-20,1432.392909,1989.106045,1456.659279,802.10418,5842.703177
2018-12-21,1510.698106,2091.472038,1368.860609,803.759764,6003.515877
2018-12-22,1346.323653,2148.79919,1445.435953,820.122302,5649.423938
2018-12-23,1537.934092,2243.906869,1395.309368,772.205524,5705.735035
2018-12-24,1348.125099,1985.192772,1455.044595,854.971212,5891.243915
2018-12-25,1487.452258,1845.138135,1341.672356,854.250368,5945.937084
2018-12-26,1340.502557,1635.527541,1413.686878,848.793141,5896.710374
2018-12-27,1430.947644,1517.280985,1378.16797,868.265248,5852.508072
2018-12-28,1411.36555,1485.323757,1355.634868,775.207474,5959.510615
2018-12-29,1445.031602,1509.957878,1405.759633,818.940742,5738.444533
2018-12-30,1462.517687,1723.080511,1365.400322,818.826262,6001.391736
2018-12-31,1396.224971,1814.271364,1345.526267,792.56399,6027.12404
2019-01-01,1408.171721,2042.905969,1361.25272,856.621833,5935.75815
2019-01-02,1431.076495,2029.513132,1339.227513,910.7564,5862.211806
2019-01-03,1324.591524,2014.272541,1356.874488,802.428851,5888.442171
2019-01-04,1366.472612,1952.4314,1361.195765,853.145626,5879.400486
2019-01-05,1305.780893,1743.267067,1399.110504,839.261717,5799.422073
2019-01-06,1421.799716,1712.263595,1355.423736,842.835866,5870.405357
2019-01-07,1579.038,1642.947952,1329.328085,842.577378,5847.548508
2019-01-08,1477.544907,1681.898361,1381.704803,861.484053,5978.918831
2019-01-09,1367.350206,1786.42138,1339.883596,822.896817,5970.951573
2019-01-10,1380.779482,1906.735754,1316.513771,830.960228,5893.321787
2019-01-11,1501.126845,2010.295244,1306.208953,894.561898,6092.068416
2019-01-12,1402.210452,2215.312398,1409.836943,845.951785,5908.301607
2019-01-13,1325.538429,2180.828071,1341.601882,846.578413,5900.177603
2019-01-14,1369.348227,2113.970542,1401.064589,794.874694,5948.883019
2019-01-15,1370.080758,2021.637335,1307.104306,863.431849,5940.266304
2019-01-16,1375.412573,1712.915528,1302.575284,868.960759,6012.440147
2019-01-17,1497.3633,1518.342293,1399.689998,859.807073,5888.498451
2019-01-18,1458.23576,1621.160764,1327.860816,900.342031,6051.173374
2019-01-19,1352.424212,1778.338792,1328.554398,793.850731,5807.963057
2019-01-20,1422.287207,1838.426102,1325.709094,881.988841,5909.321058
2019-01-21,1383.935138,2246.395283,1295.584871,806.859681,6093.972522
2019-01-22,1382.672328,1958.823914,1366.998841,825.403983,6019.278272
2019-01-23,1365.537137,2144.71734,1286.128853,798.056179,5991.900583
2019-01-24,1597.145696,2024.639039,1354.929911,884.15745,5988.426262
2019-01-25,1457.267478,2081.415078,1288.227756,856.457444,6070.601989
2019-01-26,1523.14793,2179.723959,1418.186141,848.060217,5847.873711
2019-01-27,1547.748952,1979.406051,1349.440176,863.441325,5944.829414
2019-01-28,1464.255625,1597.585344,1361.95625,799.876715,6157.917314
2019-01-29,1532.908147,1587.67925,1260.93117,845.814188,5917.511011
2019-01-30,1537.706147,1570.190285,1332.542239,871.451381,6016.918588
2019-01-31,1519.923063,1641.696275,1296.341884,848.487171,6113.727105
2019-02-01,1660.793914,1911.971654,1286.762982,865.612992,5999.972629
2019-02-02,1533.463324,2076.445518,1286.688075,820.815607,5891.075291
2019-02-03,1502.340466,2232.00438,1345.040784,874.752415,5880.297733
2019-02-04,1568.396111,2273.862752,1316.055241,861.5257,6184.221044
2019-02-05,1652.53376,2240.546893,1295.88909,878.336415,5932.097535
2019-02-06,1602.670053,2152.994261,1291.192183,920.025819,6109.84291
2019-02-07,1504.658671,1847.450239,1288.912201,876.180748,6107.771234
2019-02-08,1483.174803,1687.902428,1291.738998,856.697025,6131.45459
2019-02-09,1483.353428,1634.876944,1300.181387,887.662139,5947.782699
2019-02-10,1507.479037,1700.290171,1268.501109,843.29978,6026.23984
2019-02-11,1586.238949,1766.425159,1276.269802,927.486922,6100.173132
2019-02-12,1623.846222,1861.454921,1228.860934,879.12166,6075.804837
2019-02-13,1411.243497,2074.626421,1306.016349,880.411321,6375.618271
2019-02-14,1574.413903,2304.122652,1327.047584,895.91567,6245.717446
2019-02-15,1504.016546,2172.826154,1288.517362,843.946508,6070.965837
2019-02-16,1634.88274,2264.063194,1354.865002,882.259536,5988.066613
2019-02-17,1656.87095,1919.013559,1277.897784,876.890836,6090.614526
2019-02-18,1544.206203,1920.830087,1305.876988,949.516728,6301.067718
2019-02-19,1573.126992,1770.4392,1345.483422,929.144635,6166.110831
2019-02-20,1543.926903,1626.006287,1312.694416,941.832033,6248.377772
2019-02-21,1643.92536,1668.595132,1275.515019,888.877051,6209.393795
2019-02-22,1509.916477,1766.829431,1316.2199,893.02936,6297.198406
2019-02-23,1549.93997,2108.019581,1289.054126,921.282951,6035.116662
2019-02-24,1586.973682,2089.930972,1342.761456,869.700828,6020.014969
2019-02-25,1726.969649,2180.586541,1330.276573,863.401853,6233.987703
2019-02-26,1815.549406,2304.753458,1295.05748,939.244651,6238.063144
2019-02-27,1655.081551,2296.434338,1321.570943,907.380976,6222.855589
2019-02-28,1573.825923,2078.390533,1364.521666,908.152233,6327.975231
2019-03-01,1671.621829,1858.052065,1343.11324,843.05871,6286.711389
2019-03-02,1612.027697,1813.063033,1333.704901,882.573773,6121.150527
2019-03-03,1711.518553,1580.521614,1296.758029,882.204664,6015.781005
2019-03-04,1607.877591,1603.882285,1282.644879,875.800587,6298.4136
2019-03-05,1666.512297,1679.201765,1276.976857,907.731226,6317.196071
2019-03-06,1697.960377,2067.223556,1340.398021,870.887581,6192.558407
2019-03-07,1741.945086,1932.712755,1265.960484,863.938983,6243.972372
2019-03-08,1706.796031,2130.755755,1318.97047,959.199221,6160.459138
2019-03-09,1807.44562,2292.343442,1361.658092,915.576709,6148.921711
2019-03-10,1734.208924,2232.512058,1249.039656,870.842984,6123.142791
2019-03-11,1605.24684,2201.057935,1318.398001,966.902655,6113.695301
2019-03-12,1803.619329,1906.144074,1271.179453,920.620744,6269.06923
2019-03-13,1725.296642,1674.348547,1302.399062,915.184909,6243.933174
2019-03-14,1705.546682,1767.006689,1325.95357,823.733246,6246.2211
2019-03-15,1864.737502,1763.299095,1273.153107,951.263278,6367.013857
2019-03-16,1696.42875,1886.956709,1262.072572,912.309364,6202.70799
2019-03-17,1777.859579,2048.219242,1295.214322,945.258314,6239.02457
2019-03-18,1729.664377,2168.039813,1317.748121,960.69645,6259.863711
2019-03-19,1881.048393,2108.585357,1297.138274,870.778711,6405.338912
2019-03-20,1767.706966,2168.249936,1278.053544,966.752294,6227.310551
2019-03-21,1816.498963,2362.47506,1337.053374,936.365136,6358.311972
2019-03-22,1709.351899,2040.576257,1273.894333,915.274753,6170.667119
2019-03-23,1914.053011,1694.398072,1263.581478,843.349598,6199.182352
2019-03-24,1745.56098,1712.222812,1319.329917,972.50913,6095.698431
2019-03-25,1890.959294,1717.870142,1392.915767,923.53985,6180.867115
2019-03-26,1911.978209,1691.192687,1299.866933,932.946951,6364.089903
2019-03-27,1927.062503,1772.079721,1315.709717,878.974362,6325.259477
2019-03-28,1974.557858,1733.250408,1283.780794,933.632439,6353.680682
2019-03-29,1772.373759,2113.676381,1299.612872,932.936552,6316.116761
2019-03-30,1889.203555,2210.746725,1282.346962,961.271815,6217.342158
2019-03-31,1877.443991,2395.47984,1333.427755,888.437089,6193.249138
2019-04-01,1903.881454,2171.31662,1300.925684,851.008875,6304.177671
2019-04-02,1958.048949,2015.178628,1298.317755,898.302317,6329.578375
2019-04-03,1895.477098,1801.235693,1360.679611,887.042683,6517.210286
2019-04-04,1837.266635,1678.283121,1277.530037,925.435598,6236.096305
2019-04-05,1894.244528,1637.710618,1363.410886,912.682232,6195.595615
2019-04-06,2015.370139,1591.245859,1325.512307,923.998007,6126.344803
2019-04-07,1831.633971,1672.354673,1301.076196,956.39689,6148.892651
2019-04-08,1926.246714,1808.940354,1334.098238,969.087569,6372.973108
2019-04-09,1858.447784,2097.611881,1326.913375,920.006416,6422.334657
2019-04-10,2011.185782,2169.596436,1349.498696,870.472065,6427.092596
2019-04-11,1824.572686,2195.742953,1332.267939,917.989022,6311.875955
2019-04-12,1922.439486,2012.933986,1408.35902,912.132667,6392.714286
2019-04-13,1943.930043,1924.297767,1380.720352,915.737423,6370.358116
2019-04-14,1967.07078,1648.045872,1384.826137,913.651071,6267.457124
2019-04-15,2130.387958,1749.399034,1304.225206,917.222709,6444.821395
2019-04-16,2080.131578,1693.165701,1336.505184,851.747973,6251.373039
2019-04-17,1905.296038,1647.302745,1392.721971,934.269237,6409.883355
2019-04-18,2134.608449,1714.482364,1373.709721,932.798772,6402.803441
2019-04-19,1905.982453,1933.661012,1355.208453,927.54329,6229.577323
2019-04-20,1864.451049,1927.720611,1353.42987,913.596459,6217.002907
2019-04-21,1896.415406,2055.427938,1395.456286,943.936378,6266.511609
2019-04-22,2021.386877,2300.427968,1292.877461,865.894241,6256.802944
2019-04-23,2050.360482,2026.886714,1331.782839,913.224373,6409.40144
2019-04-24,1863.856121,1962.468258,1315.456946,933.661686,6414.586827
2019-04-25,2054.797519,1726.981977,1407.337936,902.291793,6356.428827
2019-04-26,2011.1665,1417.285121,1319.725095,913.443367,6320.380745
2019-04-27,2084.820225,1497.760978,1361.193374,945.630307,6192.087506
2019-04-28,2013.893637,1653.262298,1420.804995,909.881075,6239.540974
2019-04-29,2109.193728,1809.898021,1364.381343,888.267328,6422.197611
2019-04-30,2090.991211,1635.925863,1387.401217,899.979297,6208.67837
2019-05-01,1974.626527,1887.969277,1380.579237,925.021569,6339.459171
2019-05-02,2163.051776,2089.257509,1405.853198,882.457916,6342.87035
2019-05-03,2081.801406,2251.470212,1461.958087,913.747311,6245.4306
2019-05-04,2123.027106,2194.879433,1344.692239,900.921271,6087.727131
2019-05-05,2165.159439,2075.004133,1386.680091,914.365212,6177.033144
2019-05-06,2013.432115,1902.922737,1449.480599,934.828494,6169.879695
2019-05-07,2080.480039,1562.543085,1477.288468,933.741116,6330.499641
2019-05-08,2033.554477,1435.238896,1387.792666,913.492891,6285.069
2019-05-09,2029.682802,1627.566479,1446.944712,917.745541,6212.489607
2019-05-10,2118.755533,1635.486796,1423.990306,933.986919,6305.286162
2019-05-11,2128.321598,1827.875559,1424.940407,886.911562,6108.981828
2019-05-12,2202.043603,1960.242845,1354.62587,914.329131,6117.324422
2019-05-13,2210.05095,2070.03448,1349.645393,874.941569,6397.055341
2019-05-14,2115.69313,2208.219432,1414.637491,945.62752,6227.560382
2019-05-15,2062.624925,1959.581554,1407.772587,911.173666,6072.041932
2019-05-16,2349.203906,1741.02601,1411.073328,869.372421,6313.7001
2019-05-17,2279.347389,1653.330845,1375.140263,892.764986,6195.68649
2019-05-18,2125.271702,1571.865087,1470.679579,928.884471,6085.160718
2019-05-19,2071.271544,1458.21747,1415.41025,914.33218,6290.87647
2019-05-20,2110.269797,1494.565643,1520.620101,856.113412,6269.311183
2019-05-21,2163.0383,1442.234321,1418.63884,956.902428,6342.444467
2019-05-22,2225.922027,1708.10788,1442.577637,910.891975,6149.988532
2019-05-23,2217.810084,2048.990719,1458.628035,914.741498,6176.236763
2019-05-24,2183.568581,2050.284483,1422.08549,893.712902,6190.011302
2019-05-25,2138.822491,2026.439842,1401.256516,878.107076,6199.886778
2019-05-26,2170.820649,2110.110883,1419.324036,856.68984,6076.762417
2019-05-27,2140.124112,1806.374687,1442.412784,905.374334,6085.070484
2019-05-28,2169.546243,1742.485067,1426.563525,899.420243,6310.962553
2019-05-29,2159.950007,1541.448352,1517.461368,891.659894,6197.745007
2019-05-30,2206.455358,1481.03987,1431.022906,920.982639,6246.222916
2019-05-31,2040.282321,1558.927682,1479.414075,907.235467,6299.932686
2019-06-01,2150.149278,1779.952719,1483.302044,866.434211,6296.367071
2019-06-02,2156.121344,1859.413186,1463.683342,883.900076,6103.524774
2019-06-03,2099.423136,1836.485803,1421.594575,928.530429,6358.273153
2019-06-04,2168.419901,1925.518589,1480.231815,853.430263,6100.566844
2019-06-05,2108.592874,2017.163236,1498.135109,956.899474,6228.326595
2019-06-06,2137.539186,1953.319668,1473.215719,876.418537,6235.613672
2019-06-07,2165.383586,1878.183919,1470.443363,968.288145,6015.417855
2019-06-08,2169.428598,1637.485008,1395.427768,904.215224,5996.426944
2019-06-09,2148.360532,1499.59068,1435.870251,842.633674,6014.077815
2019-06-10,2267.028338,1252.254691,1470.450461,902.704957,6234.31887
2019-06-11,2205.011088,1421.558357,1486.172875,890.976144,6145.077661
2019-06-12,2214.522866,1586.00545,1508.504495,874.761554,6146.48984
2019-06-13,2209.187508,1857.662739,1473.543542,888.041856,6119.734517
2019-06-14,2146.90294,1942.491095,1492.955291,887.119323,6212.342094
2019-06-15,2132.522174,1993.175814,1452.771212,787.804881,6043.094223
2019-06-16,2253.685589,1900.767585,1513.777205,905.330296,6036.87809
2019-06-17,2170.641802,1928.574705,1519.534689,873.836017,6138.579778
2019-06-18,2071.707084,1776.808772,1492.296651,882.023169,6212.490391
2019-06-19,2041.983972,1582.73749,1532.940258,901.516728,6088.502361
2019-06-20,2211.517491,1456.523042,1490.398839,879.090967,6142.334978
2019-06-21,2144.376902,1410.619777,1485.959659,841.778642,6141.11431
2019-06-22,2191.10229,1427.100509,1495.281879,901.474327,6047.352647
2019-06-23,2157.269088,1699.621567,1578.49559,866.539482,6096.340102
2019-06-24,2166.684518,1579.321801,1452.980707,881.976755,6154.599877
2019-06-25,2182.621624,1693.301967,1519.457,852.535159,6006.14115
2019-06-26,2106.787655,1981.666487,1502.326951,868.128717,6200.865506
2019-06-27,2192.069092,1858.533476,1520.881388,842.195866,6214.584213
2019-06-28,2261.570996,1872.839221,1466.995466,917.387697,6214.594494
2019-06-29,2240.283267,1731.612127,1547.37292,837.987778,6055.148142
2019-06-30,2068.74019,1485.573932,1546.894128,896.994778,5843.110657
2019-07-01,2095.411676,1476.617714,1516.399356,811.342343,6080.629271
2019-07-02,2094.725434,1386.307639,1512.71243,873.567979,6154.035862
2019-07-03,2169.240721,1363.217636,1532.283205,856.390083,6150.830975
2019-07-04,2244.911828,1518.133623,1565.909757,893.028825,6067.937987
2019-07-05,2206.036201,1708.897545,1480.156092,869.502122,6081.698965
2019-07-06,2058.912741,1770.588711,1585.853979,929.089797,5852.036997
2019-07-07,2183.637228,1964.765304,1527.244574,947.62241,5973.953798
2019-07-08,2234.329165,1946.152621,1569.898604,842.890632,5877.527302
2019-07-09,2144.282689,1856.798265,1513.0274,878.635028,6030.350837
2019-07-10,2306.798379,1663.169667,1613.603727,828.637643,6125.577908
2019-07-11,2125.584626,1680.562697,1555.782055,826.825884,5936.007059
2019-07-12,2250.832936,1401.561506,1610.937266,852.721909,6140.948223
2019-07-13,2330.807701,1168.482375,1528.594587,879.843795,6074.372012
2019-07-14,2074.226442,1362.512308,1529.383558,871.736749,5946.206175
2019-07-15,2138.164716,1203.080269,1593.965292,845.643267,5971.921941
2019-07-16,2198.191427,1623.497352,1580.905882,883.361099,5969.444444
2019-07-17,2379.795914,1835.72051,1569.813033,813.687857,5902.134462
2019-07-18,2026.733027,2007.754225,1603.164695,820.679968,6061.795959
2019-07-19,2188.373927,1922.034201,1576.210242,844.221057,5899.352493
2019-07-20,2165.407751,1764.221588,1550.852803,791.086687,5884.314526
2019-07-21,2112.525042,1849.328218,1497.55158,884.288687,5769.487456
2019-07-22,2080.169835,1588.362334,1485.105221,838.992945,6023.047631
2019-07-23,2098.213307,1459.799399,1590.417429,831.941138,5853.898721
2019-07-24,2110.132477,1245.290335,1589.14212,853.803613,5955.451641
2019-07-25,2038.676813,1347.709577,1538.637841,799.550218,5898.779075
2019-07-26,2233.974746,1247.078346,1591.069663,835.053601,6041.175386
2019-07-27,2042.127308,1615.784424,1566.082943,786.565516,5794.768432
2019-07-28,2085.725876,1552.693806,1576.091296,831.285027,5809.453064
2019-07-29,2065.188564,1763.368989,1610.26766,838.725143,6033.872896
2019-07-30,2078.312299,1747.1744,1521.664321,881.564139,5837.199731
2019-07-31,2109.405445,1905.492185,1591.159527,833.085545,5820.607502
2019-08-01,2045.43248,1734.440581,1598.326178,872.101839,5914.957224
2019-08-02,2077.414145,1419.889693,1574.315092,830.214704,5827.373461
2019-08-03,2210.047451,1432.296781,1587.992164,781.076943,5931.608159
2019-08-04,2158.575608,1253.025309,1542.921082,850.846567,5795.162136
2019-08-05,2059.701686,1091.708126,1589.669758,829.301489,5919.336187
2019-08-06,2138.505465,1349.349828,1607.625091,808.697109,5863.957739
2019-08-07,2016.266386,1398.137535,1613.745457,852.636442,5618.493367
2019-08-08,2080.854181,1728.194598,1562.64146,792.190516,5989.660197
2019-08-09,1959.940615,1868.829213,1616.501692,811.087903,5865.589765
2019-08-10,1974.672955,1794.072156,1599.636066,842.587626,5577.457088
2019-08-11,1988.849601,1857.934797,1613.263954,845.649264,5652.990493
2019-08-12,2130.809502,1729.169447,1589.055033,799.655961,5857.542601
2019-08-13,2054.931591,1375.888214,1613.438606,827.167091,5959.990621
2019-08-14,2071.657143,1356.721148,1598.793915,819.458001,5878.358154
2019-08-15,2038.390929,1222.076462,1678.232612,834.59046,5875.598825
2019-08-16,2047.852319,1229.923989,1582.247555,808.063493,5867.479228
2019-08-17,2045.861188,1521.691011,1633.551289,750.592543,5638.043899
2019-08-18,2064.33443,1476.671508,1593.13833,801.802785,5653.009422
2019-08-19,2016.25183,1677.445601,1541.575762,857.051263,5826.16072
2019-08-20,1934.982687,1819.041586,1611.457947,785.727192,5705.770144
2019-08-21,1937.82314,1900.86497,1638.269268,803.751635,5818.263968
2019-08-22,2072.204765,1844.71696,1622.076948,833.568623,5867.382349
2019-08-23,2080.008665,1540.909857,1623.32292,801.027985,5604.356007
2019-08-24,2014.254098,1570.41362,1567.227688,774.510397,5662.044767
2019-08-25,1853.820027,1462.205371,1606.869397,805.110887,5653.463562
2019-08-26,2073.039227,1404.408926,1547.437311,799.142741,5800.473811
2019-08-27,1979.14896,1263.711531,1659.189825,778.110668,5937.267554
2019-08-28,1945.046786,1319.082608,1651.198861,798.489258,5665.593262
2019-08-29,1945.31456,1438.689967,1559.777548,760.831379,5944.67986
2019-08-30,1911.483662,1736.267056,1582.64743,754.593539,5833.333487
2019-08-31,2054.247715,1814.555629,1552.826573,766.81021,5862.761093
2019-09-01,2042.501029,1841.225557,1569.82649,794.140201,5615.286893
2019-09-02,1843.696,1716.960368,1580.498177,799.01623,5794.322506
2019-09-03,1898.428907,1424.769343,1554.457599,780.085297,5748.960895
2019-09-04,1926.4012,1420.376469,1579.353039,829.851398,5798.706539
2019-09-05,1987.88137,1281.70592,1617.973297,814.455395,5675.66149
2019-09-06,1721.896082,1190.786634,1584.992352,797.337467,5681.165234
2019-09-07,1950.471718,1122.039011,1620.159307,829.088862,5609.893726
2019-09-08,1995.413287,1341.422595,1588.354614,838.935445,5675.61302
2019-09-09,1848.590574,1523.512621,1597.445946,814.943496,5625.830438
2019-09-10,1861.662124,1606.340582,1548.616909,776.308141,5705.332507
2019-09-11,1945.567626,1882.608033,1625.656716,817.898514,5676.996644
2019-09-12,1877.48645,1847.466177,1552.018664,827.326821,5752.26843
2019-09-13,1750.799865,1789.833207,1578.826495,803.825733,5794.878798
2019-09-14,1755.526872,1664.728496,1545.491779,787.418892,5473.58732
2019-09-15,1758.322674,1429.938307,1608.105102,798.378219,5511.823261
2019-09-16,1724.412369,1297.238921,1552.434072,799.666639,5684.937614
2019-09-17,1816.469639,1279.302805,1608.964342,734.274246,5625.39754
2019-09-18,1773.67665,1326.22548,1656.329903,835.739317,5830.315203
2019-09-19,1806.1388,1455.500004,1599.286297,789.424753,5850.99295
2019-09-20,1845.93672,1529.992915,1506.629678,846.861025,5768.18199
2019-09-21,1914.854911,1787.373523,1620.456058,789.041521,5625.374768
2019-09-22,1797.975499,1938.512418,1590.673865,762.42772,5484.565027
2019-09-23,1645.362588,1736.180898,1605.221305,810.768644,5614.19596
2019-09-24,1866.739915,1753.405958,1597.154212,788.231937,5730.442129
2019-09-25,1754.081495,1639.973772,1622.614038,811.740279,5819.193632
2019-09-26,1837.279297,1466.481523,1616.429638,771.781244,5659.973484
2019-09-27,1717.24523,1480.097773,1577.260384,770.765844,5712.641987
2019-09-28,1763.344828,1353.06248,1534.153749,763.599436,5704.002233
2019-09-29,1725.831496,1261.361923,1573.977095,763.062314,5712.903191
2019-09-30,1726.751279,1381.25371,1602.962597,795.803532,5597.261217
2019-10-01,1811.353577,1438.013726,1508.39128,744.973428,5704.856712
2019-10-02,1669.245593,1647.26948,1578.456178,787.868493,5744.021123
2019-10-03,1720.017445,1974.803708,1507.895281,814.749901,5537.415653
2019-10-04,1717.337319,1726.258348,1610.028153,753.200955,5636.229465
2019-10-05,1668.044579,1866.039152,1634.675169,774.828198,5572.047551
2019-10-06,1534.382199,1598.961439,1598.652827,758.004228,5509.363715
2019-10-07,1706.620014,1459.295416,1551.106163,769.449305,5718.215211
2019-10-08,1476.662311,1330.795304,1592.532977,785.021031,5639.438921
2019-10-09,1563.80305,1432.998004,1610.335669,801.214776,5524.592778
2019-10-10,1630.568796,1326.512804,1620.80551,806.747579,5563.012228
2019-10-11,1686.535168,1460.305758,1610.187037,760.252977,5486.539381
2019-10-12,1710.561233,1678.751253,1596.928798,800.222904,5434.578601
2019-10-13,1701.869429,1560.592107,1521.552247,761.413525,5597.133792
2019-10-14,1679.418957,2047.073305,1551.170845,745.375725,5691.251553
2019-10-15,1605.903741,1756.116622,1569.705493,750.834656,5709.576756
2019-10-16,1710.50014,1770.88355,1552.793794,721.519278,5777.373283
2019-10-17,1600.469483,1750.925593,1480.039796,780.690662,5568.497619
2019-10-18,1691.787117,1403.463565,1541.359497,724.517355,5624.163858
2019-10-19,1450.373878,1210.364547,1520.321809,785.356371,5557.465289
2019-10-20,1534.338984,1401.446092,1550.934397,858.549288,5690.013352
2019-10-21,1554.99183,1296.400026,1553.779971,751.895643,5691.663924
2019-10-22,1589.4149,1528.334931,1488.598342,717.107657,5656.430411
2019-10-23,1416.037901,1660.840685,1510.648072,790.918837,5694.223207
2019-10-24,1635.188338,1772.85595,1541.098439,748.742204,5591.723571
2019-10-25,1641.949147,2062.068781,1496.223569,778.953036,5501.519216
2019-10-26,1622.180935,1914.607745,1530.003964,780.239235,5591.463542
2019-10-27,1525.252441,2048.77593,1499.233852,787.460552,5515.115542
2019-10-28,1658.065299,1640.502043,1501.77898,849.487158,5711.069595
2019-10-29,1512.337521,1456.623739,1555.830111,790.692132,5572.225558
2019-10-30,1609.087867,1338.586908,1517.79294,789.551441,5597.931281
2019-10-31,1536.151003,1350.898253,1500.631557,779.241756,5741.458615
2019-11-01,1533.806324,1256.004032,1572.328073,760.668855,5695.537607
2019-11-02,1519.229967,1414.658849,1504.525471,764.194239,5640.61034
2019-11-03,1523.666291,1780.921682,1512.348146,751.761873,5503.585315
2019-11-04,1598.20834,1841.474668,1511.796137,809.692849,5689.266663
2019-11-05,1616.38568,2048.544729,1616.171557,779.682057,5744.127347
2019-11-06,1610.857804,2006.387089,1529.004868,804.839894,5764.022251
2019-11-07,1569.811338,1850.120913,1534.816619,795.214156,5685.235218
2019-11-08,1548.414705,1687.905644,1488.892955,852.830673,5716.044814
2019-11-09,1528.80349,1599.607771,1529.568155,783.779024,5566.135383
2019-11-10,1616.082292,1443.376572,1537.210396,805.669141,5563.298221
2019-11-11,1457.565491,1319.834548,1453.402118,769.612704,5693.247307
2019-11-12,1439.92744,1345.19448,1507.94873,823.05344,5739.420744
2019-11-13,1483.596426,1645.460849,1548.536149,783.266408,5588.788565
2019-11-14,1359.340368,1782.630382,1552.354576,790.991939,5701.974002
2019-11-15,1455.711149,1889.851398,1494.189117,749.564386,5620.519756
2019-11-16,1464.40724,1952.05081,1564.857707,807.950889,5591.414679
2019-11-17,1392.787549,1973.624292,1456.562757,841.890178,5570.861344
2019-11-18,1420.782282,2121.238015,1515.494661,833.337706,5730.165069
2019-11-19,1506.381592,1741.697475,1495.006962,760.970808,5696.015071
2019-11-20,1438.145483,1828.959074,1436.312261,820.870368,5707.406296
2019-11-21,1456.298926,1416.456262,1506.915014,773.834723,5604.398359
2019-11-22,1520.239109,1271.754374,1423.518231,746.384832,5844.978007
2019-11-23,1401.657736,1615.704167,1443.100252,759.102131,5492.777345
2019-11-24,1361.542483,1543.901399,1460.476099,834.90289,5450.969069
2019-11-25,1435.901029,1865.01037,1418.715374,788.684857,5765.210524
2019-11-26,1465.75113,1941.341659,1500.438085,762.407415,5789.042412
2019-11-27,1306.352253,2000.022232,1440.410698,810.257202,5734.8002
2019-11-28,1476.801753,2135.121855,1409.93263,810.345385,5717.999076
2019-11-29,1406.332901,1954.060638,1460.580456,792.04022,5652.500979
2019-11-30,1397.010781,1873.654628,1448.604879,816.869622,5791.925798
2019-12-01,1363.446403,1648.025884,1407.87585,791.775615,5491.545021
2019-12-02,1408.730975,1356.737191,1424.651504,840.901091,5960.459943
2019-12-03,1487.209432,1480.252991,1473.165647,827.874447,5630.419584
2019-12-04,1454.760911,1425.844817,1468.257523,803.667553,5682.572034
2019-12-05,1472.848398,1580.427811,1380.514638,817.149188,5753.216454
2019-12-06,1388.858412,1804.146639,1468.575861,834.314024,5740.231825
2019-12-07,1524.523021,1813.783289,1466.362242,805.025939,5704.469152
2019-12-08,1500.916429,2109.30203,1470.106605,824.755139,5594.37872
2019-12-09,1408.907936,2141.655035,1410.03304,806.289568,5762.137686
2019-12-10,1224.989036,2192.060584,1397.279247,801.04475,5661.01867
2019-12-11,1412.250982,1947.41042,1418.718054,754.33519,5902.300865
2019-12-12,1600.029705,1730.284344,1396.631309,775.004725,5780.209977
2019-12-13,1402.327279,1495.755189,1408.299381,782.838358,5746.352784
2019-12-14,1333.948016,1481.50927,1393.638417,815.644796,5697.960071
2019-12-15,1524.364666,1385.833658,1402.421169,893.729845,5778.77979
2019-12-16,1361.24962,1668.258249,1392.643856,787.456521,5857.894351
2019-12-17,1438.629148,1787.682919,1409.044985,803.388767,5771.329151
2019-12-18,1457.35019,1946.499495,1411.204138,778.968749,5850.574282
2019-12-19,1300.474441,2100.130124,1393.911088,806.84008,5872.137287
2019-12-20,1412.483884,2167.966649,1381.361078,812.652782,5884.597877
2019-12-21,1487.270218,2080.30958,1455.16599,841.262368,5708.013829
2019-12-22,1380.908462,1805.097151,1429.122085,779.85864,5797.783409
2019-12-23,1449.985796,1855.421244,1411.136559,837.642418,5770.950915
2019-12-24,1403.088376,1593.464317,1360.431548,831.079997,5881.586891
2019-12-25,1477.254038,1550.018655,1411.549515,815.751137,5806.972424
2019-12-26,1535.527317,1549.140124,1381.339315,788.487162,5887.484613
2019-12-27,1329.706965,1584.060246,1405.918304,795.153264,5838.039866
2019-12-28,1387.475446,1865.153001,1390.802163,821.914705,5831.329673
2019-12-29,1436.212194,1979.89239,1469.696778,846.314821,5745.026044
2019-12-30,1365.45539,2058.3321,1378.874986,827.167032,6006.33852
2019-12-31,1353.045689,2173.766591,1340.289969,808.647452,5830.937125
2020-01-01,1388.365733,2160.332198,1411.747727,841.390876,6005.108317
2020-01-02,1395.225657,2000.997789,1412.077124,802.700135,5850.73617
2020-01-03,1369.886016,1789.228131,1416.669086,859.037487,5717.508512
2020-01-04,1440.540167,1571.029925,1274.606676,924.900689,5729.53389
2020-01-05,1475.942797,1525.833978,1331.780747,820.405463,5894.182808
2020-01-06,1473.601308,1571.19406,1333.965996,870.283621,5962.775191
2020-01-07,1471.041971,1575.095272,1302.700949,811.051144,5992.618897
2020-01-08,1509.128679,1947.510885,1363.264148,844.18645,5923.626113
2020-01-09,1332.252332,2056.692947,1380.05895,858.905247,5991.510307
2020-01-10,1422.154697,2053.767267,1393.02967,880.492624,5883.352974
2020-01-11,1446.045348,2329.096534,1385.203013,846.301378,6001.557296
2020-01-12,1472.223103,2296.92696,1351.826006,887.378438,5995.835073
2020-01-13,1325.004467,1862.878654,1404.152597,809.652273,6024.810177
2020-01-14,1572.60286,1787.430544,1356.167533,842.673807,5942.901683
2020-01-15,1381.536024,1581.918836,1245.797695,850.1119,5942.690437
2020-01-16,1465.395038,1653.690424,1332.197033,854.179901,6057.186723
2020-01-17,1501.658184,1490.573264,1314.920241,848.871593,6040.886624
2020-01-18,1529.365172,1775.43928,1351.907464,909.826802,5819.522526
2020-01-19,1408.57917,1938.549978,1323.112959,843.626732,5965.353149
2020-01-20,1422.146301,2175.743596,1324.913752,887.047595,6102.447747
2020-01-21,1489.601596,2026.657128,1383.640071,870.619776,6082.341304
2020-01-22,1508.383903,2154.670618,1306.225609,920.991078,6074.744854
2020-01-23,1534.858371,2133.071106,1282.821133,853.782746,6067.166153
2020-01-24,1470.936514,2089.47824,1338.717555,883.376081,6053.128477
2020-01-25,1430.211074,1836.884218,1351.4817,880.302237,5913.300391
2020-01-26,1389.38319,1748.324087,1322.996362,767.059773,5892.846876
2020-01-27,1609.187561,1650.425889,1325.439522,877.776633,6175.309209
2020-01-28,1395.018616,1557.339954,1303.33928,898.206924,5944.611382
2020-01-29,1544.548461,1744.971041,1275.931459,914.321511,6091.679272
2020-01-30,1519.467644,1892.036025,1294.658939,837.234861,6160.660304
2020-01-31,1557.858223,2071.503976,1282.550892,864.585678,6288.64382
2020-02-01,1575.882543,2135.845778,1362.905573,908.925662,5949.496033
2020-02-02,1608.270516,2311.700269,1308.987524,839.151123,6101.353143
2020-02-03,1514.431073,2199.28141,1367.117135,849.938346,6218.974383
2020-02-04,1551.17358,1854.792276,1311.085763,893.339398,6197.005932
2020-02-05,1391.477033,1914.086016,1282.423726,897.416899,6279.286164
2020-02-06,1536.482075,1650.35806,1320.64878,918.358379,5987.087065
2020-02-07,1474.827706,1496.359201,1320.212771,913.059345,6217.744716
2020-02-08,1532.769695,1762.760031,1359.452885,886.575205,6011.559191
2020-02-09,1635.412845,1770.489541,1239.245663,849.707435,6063.196247
2020-02-10,1561.561813,1975.3836,1295.512888,862.888974,6139.505666
2020-02-11,1635.846953,2103.200492,1324.235524,883.551446,6084.993842
2020-02-12,1550.858074,2229.400615,1282.364436,896.11191,6002.679591
2020-02-13,1598.4519,2098.058814,1312.744933,887.431985,6202.073373
2020-02-14,1547.090919,2253.642459,1297.532991,911.155583,6150.903953
2020-02-15,1403.473467,1972.353108,1358.275629,865.278491,5942.790232
2020-02-16,1537.44734,1862.70042,1351.692705,876.19663,6049.734481
2020-02-17,1574.543744,1705.370559,1233.146221,851.034867,6090.642154
2020-02-18,1610.075082,1553.670136,1251.107091,952.093187,6114.857788
2020-02-19,1605.14728,1554.191161,1277.335342,887.527335,6208.916655
2020-02-20,1602.090766,1769.184605,1302.800201,923.061721,6264.098895
2020-02-21,1683.346507,2067.2531,1299.375968,932.844587,6037.083497
2020-02-22,1666.824618,2065.966039,1286.469952,906.363214,6078.70248
2020-02-23,1601.324737,2187.594699,1326.065423,891.012137,6140.983462
2020-02-24,1696.395342,2275.375362,1335.414576,882.427873,6106.416896
2020-02-25,1502.544371,2141.928886,1307.838595,890.636422,6191.352445
2020-02-26,1628.072248,2161.73523,1293.721476,847.078699,6249.192585
2020-02-27,1643.865132,1908.648931,1305.605395,884.109232,6305.365457
2020-02-28,1751.785246,1942.194976,1274.725847,924.342083,6132.066918
2020-02-29,1629.433731,1664.457398,1333.65619,910.914513,5974.733894
2020-03-01,1570.392412,1868.817636,1334.076752,928.165675,6063.99454
2020-03-02,1692.327032,1734.413328,1271.610368,928.059922,6197.355395
2020-03-03,1805.013926,1977.75822,1356.561565,926.153398,6241.191668
2020-03-04,1678.408305,2033.064142,1303.243575,908.954856,6251.55515
2020-03-05,1692.727794,2209.451617,1334.594279,912.087348,6085.98773
2020-03-06,1691.926419,2241.135653,1305.491325,935.00846,6315.921913
2020-03-07,1716.569323,2249.927452,1299.489672,896.799725,5996.270133
2020-03-08,1810.835175,2167.435585,1331.64601,867.597791,6170.910846
2020-03-09,1863.785886,1844.878531,1272.027382,934.510561,6307.583879
2020-03-10,1766.041756,1589.297891,1298.460066,910.96121,6303.889358
2020-03-11,1732.508056,1644.2159,1265.31375,943.187334,6297.186716
2020-03-12,1876.315555,1653.831183,1325.822723,891.433911,6304.937143
2020-03-13,1760.29992,1741.166842,1300.698106,861.71282,6210.361774
2020-03-14,1764.772664,2031.315793,1298.115351,907.162111,6089.681122
2020-03-15,1741.916502,2225.569125,1291.408334,893.561358,6344.483302
2020-03-16,1751.689815,2177.675458,1333.824138,884.313668,6421.389133
2020-03-17,1797.450948,2201.146462,1321.119512,960.642705,6404.581427
2020-03-18,1767.291089,1958.006047,1304.637191,923.101795,6362.683487
2020-03-19,1823.508876,1983.496474,1296.82447,879.564417,6159.107365
2020-03-20,1807.501758,1936.194372,1377.645623,867.277125,6457.402691
2020-03-21,1846.802928,1628.72578,1368.451841,913.019802,6161.164741
2020-03-22,1788.014852,1717.425756,1276.214622,934.351129,6179.713325
2020-03-23,1807.54062,1720.720916,1360.02896,925.60338,6369.77959
2020-03-24,1845.401569,1830.787574,1336.919213,952.863651,6249.00525
2020-03-25,1839.931995,2001.433829,1330.224682,927.872881,6420.381363
2020-03-26,1848.936179,2106.639818,1335.582732,932.881423,6103.560848
2020-03-27,1930.60279,2320.232988,1273.069389,861.435027,6417.00549
2020-03-28,1780.413214,2347.527492,1410.464307,958.079986,6237.948924
2020-03-29,1726.292465,2208.849483,1396.97124,903.134888,6122.317738
2020-03-30,1919.660595,2023.410533,1326.868808,948.193976,6389.395934
2020-03-31,1858.693979,1964.060089,1327.120859,873.548546,6418.051622
2020-04-01,1976.756562,1830.934279,1333.431902,893.443639,6388.069562
2020-04-02,1882.980009,1564.599337,1305.66557,956.722306,6401.609888
2020-04-03,1813.741253,1719.676354,1350.001492,883.940229,6300.910762
2020-04-04,2055.729364,1764.326261,1330.874965,926.7072,6293.549328
2020-04-05,1936.776799,2137.190419,1295.36808,910.049641,6294.685876
2020-04-06,1883.617189,2066.967413,1317.471587,974.636039,6435.265021
2020-04-07,1869.148544,2154.407828,1313.311279,933.909711,6382.745566
2020-04-08,1967.559396,2151.076505,1316.310941,961.583237,6183.284734
2020-04-09,1887.26673,2239.153119,1327.321505,921.678829,6372.403189
2020-04-10,1968.296266,1911.236577,1363.11434,871.503131,6214.701648
2020-04-11,2028.840179,1883.74905,1327.584204,984.366743,6140.711786
2020-04-12,1856.401092,1628.361353,1286.556127,905.70961,6195.747953
2020-04-13,1934.927828,1718.687386,1396.860735,924.589301,6340.939574
2020-04-14,1999.626005,1761.957522,1326.699893,921.939677,6300.819777
2020-04-15,2088.463357,1837.236825,1400.50419,875.460524,6353.604799
2020-04-16,2043.412554,1727.962856,1359.771577,944.577013,6368.942419
2020-04-17,1952.541245,1939.860433,1372.371089,911.359849,6340.242751
2020-04-18,2092.696903,1942.122396,1324.938326,869.59836,6210.510264
2020-04-19,1971.210908,2442.790986,1360.153367,877.716751,6233.302148
2020-04-20,1990.806341,2076.800687,1345.151302,853.687713,6381.770136
2020-04-21,2034.43813,1941.147323,1358.563125,898.451769,6242.483435
2020-04-22,1937.104506,1801.898138,1379.409931,915.879862,6192.308531
2020-04-23,2234.615721,1699.808699,1350.877371,892.584711,6410.054042
2020-04-24,2108.898363,1539.195836,1396.157177,920.045419,6329.206707
2020-04-25,2045.973195,1597.211336,1318.596344,910.147828,5997.904216
2020-04-26,1996.326808,1703.802325,1332.723282,935.941763,6291.137727
2020-04-27,1960.420084,1755.087728,1388.349506,920.098933,6412.145857
2020-04-28,2072.92598,2201.843857,1393.745941,914.724708,6155.406283
2020-04-29,2100.792644,2308.149564,1415.290728,894.934575,6209.406719
2020-04-30,2029.488679,2177.426496,1436.885159,883.203952,6265.046813
2020-05-01,2048.874853,2086.249385,1397.791188,891.296597,6203.147875
2020-05-02,2106.574646,2114.490536,1410.966657,929.699206,6132.040907
2020-05-03,2068.323471,1984.559953,1395.530182,903.338316,6179.109893
2020-05-04,1947.59882,1617.538673,1394.305619,961.825116,6387.717343
2020-05-05,2128.8899,1590.128768,1387.8196,941.854426,6087.804917
2020-05-06,2104.054214,1521.093642,1397.69348,875.502446,6306.951824
2020-05-07,2142.73723,1701.000849,1376.222298,929.732114,6391.250055
2020-05-08,2043.327041,1608.613254,1392.937996,953.411017,6085.703072
2020-05-09,1951.923417,1803.35055,1428.94344,895.663941,6200.950704
2020-05-10,2017.689623,2158.659282,1420.74241,952.067981,6165.528593
2020-05-11,2130.210129,2123.071134,1446.076523,892.197907,6240.167859
2020-05-12,2259.054424,2098.746684,1391.237609,961.795931,6352.782258
2020-05-13,2282.356001,1917.503838,1397.635242,929.657013,6399.148779
2020-05-14,2142.884562,1783.975381,1427.875354,905.789889,6377.538291
2020-05-15,2023.566549,1600.069848,1384.831526,861.549194,6456.727548
2020-05-16,2105.891434,1484.450759,1385.785992,908.078954,6095.67949
2020-05-17,2164.436117,1559.648983,1441.708069,887.848012,5977.203339
2020-05-18,2167.345888,1575.047379,1411.494847,921.288272,6226.168708
2020-05-19,2146.958758,1928.555921,1454.973763,882.640552,6283.36214
2020-05-20,2237.487631,1880.905881,1430.03773,923.216011,6367.013516
2020-05-21,2084.162432,2045.50249,1413.884414,893.62595,6309.562861
2020-05-22,1998.705719,2184.396186,1394.784122,925.163665,6208.102457
2020-05-23,2092.034847,1992.977716,1476.281678,931.658483,6254.820504
2020-05-24,2075.148126,1959.554259,1433.58792,911.389958,6172.476891
2020-05-25,2315.731442,1823.625779,1407.420487,920.408062,6270.392275
2020-05-26,2149.192345,1610.251863,1388.192824,937.898191,6229.385795
2020-05-27,2064.949303,1422.817245,1399.525366,874.909841,6278.330146
2020-05-28,2210.711887,1655.676415,1431.571897,921.250142,6289.187891
2020-05-29,2240.487742,1638.217063,1491.871426,909.719445,6238.23373
2020-05-30,2176.136004,1676.993286,1418.308472,950.090885,5905.510801
2020-05-31,2188.165653,2111.937051,1463.280662,895.175966,6032.193813
2020-06-01,2248.49989,2059.958469,1463.180383,929.490416,6261.851399
2020-06-02,2214.921635,2120.816907,1340.45693,847.47463,6355.900515
2020-06-03,2131.857828,2068.971999,1415.024507,935.894912,6318.133589
2020-06-04,2223.900287,1788.739526,1490.95146,909.99046,6307.966899
2020-06-05,2249.383492,1735.029707,1392.196151,907.933772,6358.56189
2020-06-06,2209.912243,1389.362062,1506.753987,922.485834,6143.161129
2020-06-07,2248.562343,1335.503921,1469.723463,856.220005,6195.081987
2020-06-08,2229.751423,1410.275284,1412.285178,886.592181,6284.52527
2020-06-09,2173.528472,1754.850667,1539.919008,894.915055,6213.223438
2020-06-10,2180.934486,1779.323711,1471.952362,882.035233,6111.048487
2020-06-11,2235.187575,1996.883476,1534.67115,874.718271,6042.361006
2020-06-12,2154.381012,1965.823312,1488.583346,918.554548,6217.185301
2020-06-13,2274.536919,2074.864898,1456.97017,889.415974,5947.795516
2020-06-14,2279.895425,1759.300058,1525.656355,880.067892,6040.681905
2020-06-15,2052.886182,1773.886605,1551.787439,887.634324,6228.360619
2020-06-16,2190.681354,1655.210249,1535.888248,925.26,6098.793246
2020-06-17,2143.329689,1412.166658,1451.011666,940.650186,6234.420539
2020-06-18,2151.701125,1207.586662,1517.452649,916.146859,6156.772314
2020-06-19,2206.328423,1260.456514,1456.095503,897.253628,6068.882437
2020-06-20,2184.302184,1578.03305,1478.841719,840.375014,6071.545649
2020-06-21,2235.54299,1808.815175,1550.066149,862.705335,6078.624144
2020-06-22,2218.254827,1820.619925,1453.983315,850.54199,6088.898302
2020-06-23,2221.298455,2111.044713,1595.238703,849.005705,6169.639476
2020-06-24,2140.048593,1871.733504,1454.283346,912.702723,6023.100721
2020-06-25,2169.863884,1967.747877,1465.103242,857.083051,6126.234792
2020-06-26,2295.626377,1786.132747,1540.141481,915.944743,6136.730382
2020-06-27,2019.113751,1672.961112,1508.284413,876.536771,5896.295422
2020-06-28,2311.947993,1289.953548,1512.588009,867.95159,5989.152373
2020-06-29,2151.364769,1438.502779,1486.818862,864.669285,6220.615256
2020-06-30,2271.99438,1380.435721,1548.048713,826.484278,6034.176299
2020-07-01,2006.480508,1405.223577,1532.059901,856.118914,5985.833057
2020-07-02,2157.398584,1608.90665,1523.181386,893.138812,5954.817925
2020-07-03,2244.56256,1797.329975,1499.364713,887.059851,6006.138176
2020-07-04,2194.013807,1955.553963,1476.967421,869.739728,5851.819892
2020-07-05,2252.85775,1875.12354,1531.859457,884.4905,5798.644511
2020-07-06,2118.637343,1797.075205,1456.640333,867.395997,6065.942818
2020-07-07,2138.723587,1730.413725,1512.887401,873.615326,6080.2216
2020-07-08,2130.016951,1538.46049,1560.457797,933.056177,5961.658388
2020-07-09,2209.113649,1434.411452,1564.491333,863.425107,6046.289151
2020-07-10,2203.637452,1394.352598,1527.306209,805.547937,6116.627461
2020-07-11,2160.255429,1167.199486,1451.96227,792.79846,5941.242246
2020-07-12,2147.817726,1439.473305,1565.211446,833.381962,5920.792998
2020-07-13,2143.221218,1636.187172,1578.898301,860.757499,6078.450872
2020-07-14,2166.994203,1786.637907,1551.219561,882.969877,5956.762387
2020-07-15,2091.659358,1798.720256,1596.583912,851.173969,6085.758748
2020-07-16,2151.091034,1982.416341,1589.376833,854.830757,6164.77562
2020-07-17,2141.941654,1996.387298,1494.76971,867.826367,5940.593805
2020-07-18,2111.034154,1673.779204,1548.020368,818.852448,5708.485218
2020-07-19,2105.655263,1437.709527,1540.291845,845.746554,5803.033207
2020-07-20,2245.577319,1427.278152,1615.22122,856.069169,5893.537352
2020-07-21,2095.681457,1282.716898,1599.226426,832.830243,5994.389324
2020-07-22,2163.950712,1314.46161,1566.464271,818.474064,6074.851635
2020-07-23,2227.177599,1437.934761,1584.211882,858.391322,6013.834399
2020-07-24,2179.46844,1544.337999,1596.862577,874.444755,6108.489621
2020-07-25,2125.176352,1752.305286,1541.617613,842.20203,5873.285048
2020-07-26,2190.754766,1802.202255,1561.749676,767.863552,5835.47378
2020-07-27,2015.934172,1712.893172,1566.091769,813.687925,5774.720452
2020-07-28,2025.406881,1908.769901,1555.819371,823.497404,5971.393103
2020-07-29,2079.558923,1689.438037,1560.424782,848.211434,5876.957489
2020-07-30,2087.551462,1477.52019,1581.584046,819.432901,5880.316975
2020-07-31,2091.841794,1454.548448,1528.263123,819.498511,5897.804973
2020-08-01,2225.595756,1243.08764,1534.541982,860.832014,5935.656586
2020-08-02,2207.564945,1382.043982,1604.580726,868.171793,5865.559917
2020-08-03,2082.043276,1469.713853,1632.141469,831.265095,5907.094825
2020-08-04,2097.788635,1537.356811,1645.487077,794.422386,5776.011983
2020-08-05,2011.560233,1618.67496,1516.992221,789.519152,5857.424087
2020-08-06,2092.447694,1889.995812,1594.020224,844.523025,5866.031133
2020-08-07,1971.134559,1891.151092,1551.640439,800.442648,5959.390852
2020-08-08,2157.960705,1887.131804,1563.107579,821.97095,5805.871898
2020-08-09,2018.485321,1504.623324,1575.190623,815.884675,5798.860231
2020-08-10,2088.593234,1454.771819,1598.135704,824.911315,5786.38594
2020-08-11,1952.798742,1336.550512,1604.721763,829.420977,5945.070909
2020-08-12,2136.226096,1271.585424,1498.938848,787.032619,6091.204541
2020-08-13,2076.161329,1275.302434,1564.480084,797.556139,5731.317094
2020-08-14,2164.997777,1407.739624,1625.218066,821.416772,5757.585725
2020-08-15,2026.985891,1338.405263,1591.635336,815.645148,5727.57504
2020-08-16,1903.148453,1689.917063,1530.00322,772.88592,5801.358331
2020-08-17,1955.906059,1772.94081,1553.021707,870.407435,5854.022889
2020-08-18,1917.114987,1717.940997,1559.866922,769.60922,5835.617115
2020-08-19,2109.6282,1793.735912,1624.884183,842.048172,5950.067927
2020-08-20,1949.50501,1597.89143,1651.843693,760.461124,5723.741133
2020-08-21,1934.566449,1350.189304,1550.391909,837.672106,5634.190544
2020-08-22,2022.909718,1178.759161,1607.962464,754.051175,5554.6218
2020-08-23,1993.783237,1260.149152,1579.734614,834.098409,5751.514979
2020-08-24,2003.494819,1025.544434,1610.598358,810.679424,5879.502522
2020-08-25,1927.673803,1363.044275,1581.962376,828.538097,5758.795662
2020-08-26,1816.704129,1439.900131,1550.290807,780.999773,5662.51777
2020-08-27,1855.151037,1723.667699,1567.169355,810.526176,5707.315199
2020-08-28,1790.250844,2001.478397,1566.940897,809.097302,5810.77956
2020-08-29,2027.252107,1945.289124,1642.231917,805.770543,5737.085563
2020-08-30,1994.913423,1773.487894,1563.294275,783.147319,5594.677249
2020-08-31,1898.560176,1766.239499,1609.922341,840.058075,5692.307716
2020-09-01,1961.947833,1623.111731,1559.857887,743.592859,5679.857533
2020-09-02,1958.895832,1393.255809,1565.801107,750.988847,5702.40506
2020-09-03,1949.754082,1397.879357,1597.499999,752.321916,5809.239127
2020-09-04,1935.887019,1275.067715,1568.760563,838.781982,5763.329929
2020-09-05,1953.917473,1429.840813,1658.814249,768.309704,5654.298771
2020-09-06,1891.153003,1535.288548,1635.41413,772.150274,5628.65763
2020-09-07,1723.281772,1679.094384,1547.696686,771.521664,5752.849103
2020-09-08,1678.276517,1832.674674,1605.951107,783.195254,5619.359891
2020-09-09,1953.897144,1785.611507,1640.883329,784.240125,5637.007803
2020-09-10,1900.435191,1774.334356,1543.579124,776.604369,5755.792874
2020-09-11,1675.877524,1835.369364,1571.560196,744.797051,5757.362171
2020-09-12,1857.324745,1522.690597,1638.240855,802.606137,5693.481972
2020-09-13,1776.806429,1291.96364,1555.328465,789.398711,5590.375337
2020-09-14,1793.178087,1393.130768,1606.615692,834.48866,5638.693311
2020-09-15,1642.427944,1394.090819,1580.572492,800.816135,5693.838997
2020-09-16,1871.988785,1282.873238,1588.961763,785.327659,5687.774158
2020-09-17,1805.231962,1487.838352,1544.800354,743.825065,5752.499831
2020-09-18,1861.548826,1880.099434,1578.421143,789.201645,5689.495839
2020-09-19,1873.810572,1848.898522,1564.52126,804.205411,5626.754516
2020-09-20,1881.034217,1883.260236,1641.82318,836.032121,5627.509892
2020-09-21,1899.428599,1746.168886,1600.986619,797.210973,5745.119174
2020-09-22,1797.59417,1545.441643,1581.078891,808.950185,5747.728639
2020-09-23,1785.561956,1574.513294,1575.387456,802.512229,5609.51162
2020-09-24,1718.787283,1248.47628,1599.475411,833.243025,5792.760912
2020-09-25,1793.822072,1299.069151,1516.701023,818.136028,5836.485271
2020-09-26,1733.290175,1445.750854,1536.764412,784.821844,5644.759187
2020-09-27,1660.781783,1443.362265,1538.569018,739.157953,5711.096032
2020-09-28,1820.76314,1547.197292,1541.524834,831.913473,5729.050233
2020-09-29,1779.950014,1795.944736,1510.096991,784.920904,5644.902388
2020-09-30,1534.966141,1907.402015,1585.861048,757.714724,5737.562747
2020-10-01,1585.766569,1841.92853,1549.241206,738.06681,5686.973352
2020-10-02,1694.468719,1835.824141,1609.391252,727.727649,5678.183808
2020-10-03,1609.075543,1553.960725,1558.976871,788.91468,5706.954049
2020-10-04,1783.026538,1328.956177,1548.553037,775.712958,5491.240115
2020-10-05,1703.187686,1291.131972,1575.975672,789.874062,5784.381738
2020-10-06,1724.006886,1109.4617,1574.227793,817.1864,5638.010471
2020-10-07,1743.476601,1239.045159,1546.968091,761.592427,5536.460455
2020-10-08,1765.385704,1403.712955,1576.189205,788.848965,5749.154574
2020-10-09,1645.477746,1603.937682,1598.778734,763.76345,5695.133545
2020-10-10,1702.54556,1929.421457,1536.236992,753.457586,5584.579527
2020-10-11,1670.11528,1793.857431,1596.69332,712.043488,5588.06932
2020-10-12,1702.339689,1863.890634,1541.95955,755.842085,5780.276963
2020-10-13,1678.990887,1791.910957,1577.991123,812.422866,5718.485762
2020-10-14,1733.920943,1595.085708,1543.777532,763.882145,5666.056626
2020-10-15,1665.407888,1696.933858,1529.85797,788.653407,5680.852802
2020-10-16,1587.733765,1294.149597,1552.380205,783.20968,5728.244731
2020-10-17,1623.924393,1272.181522,1499.976734,841.134131,5522.591169
2020-10-18,1529.518914,1305.407713,1480.983109,824.196159,5604.031656
2020-10-19,1626.090172,1662.958241,1534.567085,760.366066,5516.629631
2020-10-20,1704.159626,1585.167328,1525.373673,767.022441,5681.260058
2020-10-21,1549.28453,1716.162385,1492.192467,814.8761,5690.587824
2020-10-22,1469.749721,2018.268309,1605.452182,787.666768,5753.326131
2020-10-23,1574.843099,1872.869708,1542.613753,783.999701,5600.669234
2020-10-24,1539.224059,1669.595846,1500.241864,816.620961,5556.522363
2020-10-25,1569.214473,1819.450512,1542.253365,798.512327,5613.764137
2020-10-26,1522.130875,1626.612875,1541.109937,786.348926,5937.976779
2020-10-27,1563.932257,1263.941495,1505.848243,874.034251,5713.066976
2020-10-28,1481.33323,1210.423736,1509.006527,794.770505,5750.907529
2020-10-29,1657.231707,1348.695584,1449.3138,742.040466,5654.094285
2020-10-30,1526.646289,1382.384493,1521.230314,793.101283,5884.733634
2020-10-31,1573.731567,1504.975397,1578.033312,791.488259,5563.611481
2020-11-01,1586.04761,1707.792094,1549.537855,835.108571,5564.021694
2020-11-02,1516.759953,2100.592458,1543.585323,794.1863,5718.334668
2020-11-03,1554.560507,2063.82913,1483.491602,765.4114,5596.197539
2020-11-04,1500.452073,1796.427474,1463.690435,796.176174,5622.788893
2020-11-05,1481.652712,1733.898243,1531.105707,748.126266,5679.890128
2020-11-06,1492.775953,1583.320762,1507.976473,774.613257,5642.479981
2020-11-07,1538.426183,1396.314169,1488.009665,796.914113,5676.381652
2020-11-08,1410.254316,1353.505479,1481.522102,760.578691,5552.570521
2020-11-09,1431.329728,1546.164495,1523.818948,725.725458,5906.045835
2020-11-10,1434.345814,1446.185321,1510.305901,755.698003,5741.84666
2020-11-11,1446.873683,1607.348879,1468.955464,763.016406,5658.975651
2020-11-12,1564.175011,1847.492919,1479.12526,805.36624,5736.933771
2020-11-13,1476.478343,1909.21996,1421.534157,774.185896,5784.658896
2020-11-14,1453.248461,1959.026824,1436.549965,786.776621,5608.424634
2020-11-15,1481.166785,1888.813382,1496.086416,760.880534,5647.873954
2020-11-16,1541.98152,1691.742871,1457.149601,791.92852,5713.750762
2020-11-17,1411.028388,1720.728832,1440.290047,771.422694,5669.386103
2020-11-18,1532.320142,1402.251475,1478.216821,808.083775,5729.810386
2020-11-19,1292.967687,1514.982312,1510.916927,798.698059,5888.226375
2020-11-20,1391.26776,1343.487097,1433.790708,835.91719,5709.80917
2020-11-21,1554.361296,1457.200331,1449.664873,810.45149,5621.064105
2020-11-22,1557.037699,1738.287018,1449.552287,783.636238,5500.608005
2020-11-23,1458.344262,1864.859524,1542.830418,767.744915,5697.331042
2020-11-24,1412.069851,2086.924138,1489.921008,801.082096,5783.437008
2020-11-25,1497.346839,2100.046082,1460.674969,817.601523,5729.950266
2020-11-26,1407.910073,2181.507801,1398.242116,843.168404,5859.984177
2020-11-27,1543.119776,1549.619676,1473.183951,780.152037,5847.783047
2020-11-28,1515.11589,1551.64374,1463.994889,757.733842,5611.600551
2020-11-29,1483.740057,1498.154649,1434.334836,743.021625,5644.231636
2020-11-30,1368.195521,1412.321165,1412.147061,768.801723,5832.733401
2020-12-01,1493.898357,1455.922144,1420.314014,793.866704,5811.33754
2020-12-02,1406.060037,1819.941872,1375.243633,792.100795,5759.30685
2020-12-03,1405.352029,1545.623772,1417.531773,791.765308,5634.207426
2020-12-04,1390.402011,1991.396656,1412.494281,800.742173,5908.849234
2020-12-05,1410.154407,2027.12329,1394.134727,812.893705,5679.610749
2020-12-06,1452.155019,2077.958652,1412.386416,752.8949,5696.001164
2020-12-07,1475.197066,2107.449516,1365.389819,805.922838,5746.586627
2020-12-08,1474.056296,1855.846384,1458.889846,800.321278,5935.938531
2020-12-09,1652.1105,1760.684713,1410.698365,800.8534,5806.160257
2020-12-10,1388.406341,1661.579782,1372.049661,794.002122,5834.773554
2020-12-11,1493.133942,1582.302898,1438.664205,751.564827,5654.891207
2020-12-12,1364.293451,1327.20511,1428.712784,823.147009,5670.014239
2020-12-13,1396.572281,1559.505194,1388.890633,795.513448,5708.308946
2020-12-14,1327.931288,1672.850559,1357.475765,807.314575,5870.73272
2020-12-15,1494.39361,1894.550363,1399.418946,821.228739,5900.461031
2020-12-16,1427.276556,2069.021509,1415.807963,814.2227,5830.472322
2020-12-17,1417.991221,2308.457753,1419.628309,826.508225,5938.003218
2020-12-18,1400.497661,1985.51704,1427.193041,828.060978,5846.256979
2020-12-19,1473.681022,1871.430423,1422.41459,788.271407,5727.362887
2020-12-20,1373.903621,1709.181154,1337.749142,782.781791,5745.898759
2020-12-21,1437.332841,1718.051784,1391.820912,842.971497,5730.396056
2020-12-22,1586.674028,1456.586891,1319.153371,796.123968,5689.731479
2020-12-23,1400.083642,1579.088882,1417.233705,885.775767,6034.937458
2020-12-24,1366.788783,1732.87077,1395.094644,788.500639,5739.634035
2020-12-25,1340.264167,1883.188055,1412.133568,827.64354,5839.517194
2020-12-26,1469.471483,1815.308443,1377.619587,821.793812,5824.734088
2020-12-27,1417.99541,2001.331159,1373.916036,832.959361,5724.552724
2020-12-28,1361.361611,2213.504252,1352.646151,797.933328,5999.774315
2020-12-29,1356.891351,1915.236861,1271.576027,837.03204,5746.328793
2020-12-30,1418.8162,1911.756094,1360.516992,888.336497,5927.577756
2020-12-31,1347.651969,1618.220166,1456.413939,812.945109,5973.712245
2021-01-01,1566.009263,1646.142109,1410.327932,763.323287,6106.778021
2021-01-02,1406.436056,1533.911298,1355.146544,850.138754,5932.408183
2021-01-03,1409.032927,1421.9559,1372.502492,844.496157,5753.074182
2021-01-04,1416.84742,1661.926746,1374.759619,853.298502,6012.12287
2021-01-05,1297.707093,1759.543755,1336.482452,809.998959,5968.530777
2021-01-06,1325.104105,1979.599561,1354.981165,847.909087,5848.382298
2021-01-07,1403.684158,2266.526082,1365.220602,863.338674,5912.64506
2021-01-08,1429.601597,2204.504163,1333.65355,823.340227,6049.719599
2021-01-09,1346.536278,2138.81469,1365.566472,840.585549,5821.958453
2021-01-10,1555.307083,2103.297713,1391.028406,855.777447,5771.75689
2021-01-11,1470.655783,1796.059571,1375.131162,863.932576,5924.825989
2021-01-12,1532.080424,1761.122223,1353.707204,835.689175,5876.914737
2021-01-13,1526.296956,1605.326175,1336.287251,849.822471,5855.911661
2021-01-14,1430.950079,1621.495104,1366.189629,904.9723,6024.504589
2021-01-15,1621.020668,1681.777539,1320.080434,907.097144,6037.727821
2021-01-16,1461.388276,1811.280912,1314.874113,816.05394,5972.093057
2021-01-17,1323.241751,1965.652593,1380.543589,914.180366,5760.208514
2021-01-18,1294.836169,2093.787847,1321.049417,838.627734,5921.104096
2021-01-19,1462.664152,2255.75631,1284.813222,883.04962,6056.03846
2021-01-20,1527.200295,2173.979597,1360.956134,815.290108,6038.364147
2021-01-21,1474.445337,1911.888237,1354.857619,847.592493,6016.754032
2021-01-22,1595.089477,1927.449244,1367.668944,835.101474,5936.912689
2021-01-23,1455.817382,1608.294224,1323.152285,880.306351,5896.111581
2021-01-24,1520.422264,1559.538069,1365.664141,863.117361,5809.230575
2021-01-25,1536.33789,1496.24476,1319.37683,871.204323,6181.835709
2021-01-26,1416.296088,1664.171702,1287.125619,871.13045,6117.451791
2021-01-27,1514.398476,1994.146763,1315.107785,866.372505,5981.511217
2021-01-28,1522.672283,2126.660976,1329.068871,889.055676,6173.322097
2021-01-29,1578.237995,2146.100225,1280.724916,866.259445,5988.518014
2021-01-30,1590.76835,2345.171129,1311.426169,861.211416,6008.709542
2021-01-31,1579.378882,2153.703131,1325.513398,845.84127,5979.067409
2021-02-01,1461.287587,2019.35002,1300.758874,838.978969,6057.262034
2021-02-02,1570.926222,1933.548442,1317.46609,851.079051,6209.040927
2021-02-03,1599.364653,1731.225635,1312.627312,879.190982,5962.755349
2021-02-04,1531.357878,1586.288984,1284.352348,899.925508,6078.674443
2021-02-05,1586.448981,1546.540202,1323.559997,866.742321,6084.171512
2021-02-06,1592.72549,1879.680959,1331.132194,931.332538,5846.841438
2021-02-07,1626.787918,1716.71575,1239.582352,910.019512,5875.148484
2021-02-08,1554.228698,2047.757755,1285.501551,874.962294,6137.334925
2021-02-09,1587.488258,2061.74921,1337.27046,885.419398,6153.663494
2021-02-10,1573.110902,2194.918715,1323.662227,875.315452,6053.467563
2021-02-11,1569.250162,2254.100174,1240.750299,822.137666,6188.981856
2021-02-12,1526.871968,1997.418178,1314.850353,902.581519,6186.490181
2021-02-13,1552.00281,1812.592341,1355.151221,885.639245,6097.19411
2021-02-14,1502.344908,1698.87212,1336.26711,830.002727,6017.26135
2021-02-15,1572.757569,1810.676788,1332.057193,907.575179,6154.686843
2021-02-16,1640.466777,1782.973318,1300.872164,865.415972,6218.395272
2021-02-17,1641.34351,1794.983615,1307.13189,876.133943,6125.683872
2021-02-18,1656.179069,1886.362603,1263.757096,832.780992,6107.439417
2021-02-19,1601.766293,2079.874065,1304.256591,884.02848,6081.029117
2021-02-20,1712.97347,2264.509883,1384.168095,898.885248,6109.636086
2021-02-21,1589.486484,2237.359179,1302.356822,874.325222,6177.792736
2021-02-22,1681.259488,2174.941489,1270.665806,887.673243,6042.939147
2021-02-23,1662.880425,1941.801663,1321.164629,832.197702,6179.067192
2021-02-24,1587.558343,1735.639388,1231.273074,905.48624,6268.167025
2021-02-25,1596.665487,1610.890448,1382.300207,889.08167,6336.969162
2021-02-26,1704.583153,1659.765503,1324.283151,890.150728,6240.586017
2021-02-27,1661.245159,1579.22446,1293.25179,912.421899,6035.339193
2021-02-28,1683.975771,2012.283176,1289.756566,924.126238,6167.738987
2021-03-01,1886.610377,2002.230249,1270.843655,891.66264,6426.067299
2021-03-02,1717.495256,2181.839239,1306.909393,921.964705,6270.474535
2021-03-03,1692.819548,2329.878869,1304.320056,950.671496,6302.119414
2021-03-04,1742.413055,2168.668216,1248.769318,863.80028,6392.224972
2021-03-05,1655.483866,2083.330556,1338.395156,899.930307,6129.797463
2021-03-06,1691.825202,2020.432165,1291.20872,849.206377,6204.573447
2021-03-07,1741.834545,1918.280389,1265.865959,909.096492,6264.772426
2021-03-08,1660.223487,1765.471192,1337.334329,940.564368,6348.856177
2021-03-09,1721.893089,1791.818088,1331.086948,896.03186,6285.899458
2021-03-10,1717.810762,1794.628718,1285.314206,866.389519,6244.766112
2021-03-11,1745.072202,1879.316401,1282.99937,885.322584,6232.212466
2021-03-12,1620.654826,2057.567394,1344.76537,914.544884,6173.5202
2021-03-13,1874.962612,2149.03981,1293.064922,857.837795,6123.04256
2021-03-14,1751.657031,2319.120591,1314.753484,861.150377,6069.678133
2021-03-15,1802.961991,2240.814716,1356.340208,918.011753,6282.548323
2021-03-16,1698.877964,2154.126259,1266.571437,863.903431,6275.228713
2021-03-17,1686.766704,2128.542136,1257.073641,907.529515,6247.655526
2021-03-18,1786.780215,1714.373337,1280.930135,873.916301,6264.821906
2021-03-19,1769.199106,1842.688093,1291.209304,858.403402,6306.098164
2021-03-20,1844.061266,1810.286584,1313.380358,931.422565,6081.751817
2021-03-21,1740.820798,1621.663397,1347.601646,941.529007,6237.759842
2021-03-22,1743.358078,1850.091094,1299.333413,884.686696,6323.294413
2021-03-23,1842.352392,1966.777825,1374.663156,978.119877,6359.141279
2021-03-24,1874.765835,2031.65623,1324.014283,914.221468,6286.013425
2021-03-25,1897.162049,2269.804454,1248.090363,925.893604,6298.816239
2021-03-26,1837.317509,2308.789663,1317.369131,916.094493,6329.419431
2021-03-27,1864.597554,2277.840779,1344.86588,878.589992,6208.931178
2021-03-28,1797.359328,2005.090759,1359.59422,942.800845,6169.736842
2021-03-29,1951.868217,1869.047285,1297.261995,916.605373,6296.62098
2021-03-30,1946.238803,1649.952543,1319.918679,928.035822,6282.172906
2021-03-31,1950.700074,1721.733844,1402.96466,917.747478,6296.685486
2021-04-01,1767.633947,1644.68854,1331.432351,901.816443,6267.294894
2021-04-02,1948.028906,1846.707447,1295.284471,984.823685,6264.481335
2021-04-03,1842.014195,1875.31342,1275.695504,927.716128,6130.074509
2021-04-04,1934.111915,2116.134407,1315.060393,907.843665,6324.971578
2021-04-05,1936.275049,2137.682181,1344.811899,935.119742,6278.657644
2021-04-06,1998.082929,2175.194883,1294.685467,878.7667,6326.208555
2021-04-07,1905.962522,2267.932703,1382.510976,926.551005,6255.114783
2021-04-08,1901.790998,1998.781232,1310.214439,997.341701,6348.261189
2021-04-09,1861.650074,1828.049705,1271.352892,895.58531,6437.491495
2021-04-10,1855.653462,1750.858298,1362.525794,930.9562,6158.80532
2021-04-11,1985.426784,1534.692822,1342.751787,880.617625,6231.336322
2021-04-12,1887.660213,1807.782043,1335.092475,917.280884,6333.412129
2021-04-13,2004.266913,1674.750452,1389.695153,950.050038,6410.33069
2021-04-14,1936.928304,1877.371454,1325.704393,885.803829,6333.552549
2021-04-15,1930.045269,2278.857758,1373.221336,888.38652,6331.931815
2021-04-16,2042.893432,2038.527077,1331.73691,951.624253,6321.537468
2021-04-17,2041.950922,2377.694249,1409.599906,924.539761,6061.367922
2021-04-18,1918.702733,2176.316401,1354.319685,936.556301,6301.744251
2021-04-19,1981.98622,2035.755299,1356.961924,932.541599,6475.149301
2021-04-20,1999.080203,1713.326105,1378.786616,877.461893,6272.617889
2021-04-21,2052.059837,1672.25261,1357.164402,864.700697,6410.324968
2021-04-22,1959.964227,1465.067934,1377.897196,859.145677,6340.415334
2021-04-23,1987.892521,1693.119474,1355.749287,930.992142,6458.163594
2021-04-24,2014.760628,1693.172814,1387.82687,872.8998,6176.677376
2021-04-25,2076.693214,1823.563491,1370.35037,861.944604,6255.418156
2021-04-26,2096.270369,2005.755864,1351.282861,898.479152,6446.631146
2021-04-27,2001.578342,2148.978437,1392.266895,910.60975,6383.253124
2021-04-28,2167.370393,2273.741812,1390.999935,922.789759,6354.66011
2021-04-29,2079.775461,2141.514945,1339.441951,859.617025,6333.493518
2021-04-30,1999.757747,1886.214914,1368.319247,954.292298,6286.796896
2021-05-01,1952.215885,1695.755739,1322.353144,885.353586,6226.152313
2021-05-02,2030.887541,1528.777382,1386.925571,917.981818,6135.692353
2021-05-03,1904.56954,1617.397528,1414.691342,911.813504,6467.305985
2021-05-04,2088.447336,1610.844804,1472.444178,882.775226,6377.139833
2021-05-05,2119.497323,1579.283308,1400.012527,924.651499,6318.111175
2021-05-06,2174.118885,1699.495832,1428.893701,922.537717,6206.494279
2021-05-07,2124.874743,2008.408643,1446.1005,946.066249,6412.983451
2021-05-08,1975.213172,2074.197701,1422.375788,969.675199,6313.923601
2021-05-09,2079.480858,2195.967247,1334.133509,976.042282,6240.188829
2021-05-10,2152.462653,2060.063318,1385.365049,939.61907,6393.576098
2021-05-11,1956.412573,1951.992494,1415.87021,931.069064,6391.231525
2021-05-12,2054.940538,1810.268158,1416.738708,899.073129,6315.360554
2021-05-13,2160.186154,1678.903283,1412.989359,863.915141,6294.569057
2021-05-14,2124.500095,1487.410139,1379.694368,921.811482,6322.999542
2021-05-15,1984.299346,1593.432184,1348.252949,890.902855,6291.639862
2021-05-16,2093.31444,1589.459041,1429.002789,899.769929,6142.547064
2021-05-17,2133.890149,1698.706279,1458.814269,892.736821,6178.903521
2021-05-18,2281.405118,1995.015296,1404.135873,919.53452,6312.239144
2021-05-19,2109.126026,2195.913629,1442.611288,893.818206,6308.544173
2021-05-20,2079.990311,2237.328347,1407.164956,977.896399,6289.203916
2021-05-21,2163.976165,2025.639469,1423.219751,931.459655,6307.289319
2021-05-22,2173.566561,1722.476424,1410.529494,888.84396,6075.382465
2021-05-23,2193.2049,1726.418146,1461.954267,914.892204,6097.244776
2021-05-24,2257.331709,1524.813717,1403.563099,945.643714,6251.122109
2021-05-25,2155.064646,1523.065277,1443.173157,866.032696,6273.039749
2021-05-26,2066.709458,1585.372465,1472.279151,908.099294,6315.667394
2021-05-27,2168.352824,1561.271634,1442.425052,884.735851,6329.570057
2021-05-28,2169.404412,1702.998085,1402.823464,901.964204,6283.203525
2021-05-29,2238.477992,1898.625156,1461.635953,884.386448,6132.031155
2021-05-30,2232.092704,1984.687373,1444.252473,904.050629,6060.749576
2021-05-31,2124.409003,1977.957214,1408.181314,911.711538,6217.109796
2021-06-01,2231.830039,2009.80681,1449.191757,916.018392,6125.050064
2021-06-02,2250.143491,1770.888404,1447.783505,850.953698,6188.79015
2021-06-03,2169.205975,1630.491553,1481.817927,916.769781,6275.079205
2021-06-04,2250.465576,1472.934103,1446.134573,895.309009,6282.159194
2021-06-05,2197.774926,1370.332523,1468.845457,874.232656,6031.0976
2021-06-06,2200.3202,1501.505518,1488.980044,890.890886,6201.822582
2021-06-07,2179.189224,1517.71367,1404.114107,940.770811,6035.061278
2021-06-08,2247.13813,1718.476395,1506.976575,886.086955,6260.944968
2021-06-09,2393.227243,1964.47898,1475.830271,863.438519,6213.621165
2021-06-10,2209.519827,1992.028861,1442.961841,910.646757,6196.197605
2021-06-11,2113.549466,1895.52493,1484.768599,882.076904,6236.406866
2021-06-12,2179.685538,1906.586615,1518.541722,908.772721,6046.384952
2021-06-13,2156.111781,1753.569811,1461.058889,894.604365,6254.520699
2021-06-14,2220.164416,1671.870475,1468.166118,927.187606,6152.830443
2021-06-15,2188.492858,1611.686478,1537.295984,866.048554,6157.960552
2021-06-16,2376.086033,1402.789458,1546.650175,871.933636,6204.502698
2021-06-17,2251.379058,1394.609357,1563.618805,915.845424,6017.701852
2021-06-18,2329.55356,1650.709917,1498.417697,933.492341,6158.808342
2021-06-19,2150.423997,1623.474793,1466.411882,887.072609,5931.561658
2021-06-20,2185.153233,1879.782351,1468.435264,916.517634,6147.469343
2021-06-21,2343.678638,2008.453008,1492.68432,893.036277,6114.107226
2021-06-22,2082.555831,1982.813675,1471.744883,877.802676,6138.073857
2021-06-23,2209.382442,1893.518206,1523.727825,825.83028,6000.869209
2021-06-24,2090.804538,1773.495075,1554.838733,939.475453,6282.512256
2021-06-25,2306.029766,1712.816561,1476.105121,909.81612,5993.558613
2021-06-26,2099.021445,1475.300559,1566.748171,803.772386,5889.280151
2021-06-27,2175.95453,1293.641257,1486.200727,896.047303,5941.181049
2021-06-28,2183.860043,1394.844887,1495.665574,852.637286,5933.343483
2021-06-29,2077.359567,1568.366359,1474.103177,838.516257,6002.512443
2021-06-30,2366.925553,1808.858941,1549.488161,850.955371,6069.390808
2021-07-01,2181.254916,1888.481135,1523.3555,889.542387,6182.226393
2021-07-02,2306.843252,1946.692026,1529.301077,864.177132,6180.534408
2021-07-03,2141.678835,2075.442242,1429.813933,858.267512,5872.558069
2021-07-04,2086.177052,1954.120827,1511.893784,858.378053,5914.37679
2021-07-05,2202.091343,1735.259744,1545.114395,850.639562,6128.087306
2021-07-06,2198.419368,1482.241782,1440.849629,877.277898,6163.2834
2021-07-07,2387.565532,1397.054543,1606.689264,797.617233,5995.184369
2021-07-08,2107.413585,1397.771925,1551.702039,818.095769,6035.768483
2021-07-09,2069.812553,1239.172224,1580.588027,852.352933,6050.230208
2021-07-10,2127.478865,1305.130297,1533.988941,820.409827,5936.634049
2021-07-11,2195.720757,1661.640257,1578.282643,859.859791,5899.587695
2021-07-12,2211.535275,1645.741335,1593.097611,842.309737,6178.36779
2021-07-13,2117.224704,1780.062325,1639.676839,864.545106,6010.841225
2021-07-14,2142.402919,1900.481195,1516.279311,846.300377,6119.309712
2021-07-15,2202.196612,1820.968125,1626.876212,868.612811,6061.401539
2021-07-16,2237.287077,1695.18664,1518.841617,849.097038,6297.486009
2021-07-17,2116.409657,1524.726282,1563.753816,870.403712,6007.057974
2021-07-18,2164.050274,1405.211363,1546.453461,836.359107,5727.336482
2021-07-19,1958.315678,1272.375084,1555.82048,792.435402,6048.53029
2021-07-20,2080.524675,1230.121535,1496.193628,845.353434,5825.745515
2021-07-21,2174.908855,1164.738704,1555.106664,844.626452,6094.579633
2021-07-22,2140.535017,1696.746555,1525.067322,827.75477,5955.417696
2021-07-23,2124.857877,1823.739048,1561.434295,872.443355,5802.921227
2021-07-24,2246.890332,1922.964053,1579.091976,856.810207,5767.236817
2021-07-25,2110.085043,1887.870012,1573.672016,886.86622,5813.814118
2021-07-26,2049.810501,1734.956659,1569.399553,827.424235,6072.473713
2021-07-27,2137.141181,1705.162026,1622.912805,825.834843,5958.242259
2021-07-28,2132.875365,1476.185806,1587.449987,852.32349,5983.460886
2021-07-29,2034.063096,1209.443124,1598.102132,881.153732,5884.213227
2021-07-30,2180.093817,1347.121959,1625.285329,813.438353,5893.114473
2021-07-31,2224.937869,1151.199917,1577.587385,848.569688,5685.240765
2021-08-01,2059.866776,1354.068456,1584.716161,831.494864,5767.260153
2021-08-02,2035.515957,1718.746031,1605.570925,822.131369,5891.02262
2021-08-03,2086.219743,1657.189835,1574.013213,858.08796,5901.346379
2021-08-04,2174.588279,1860.037892,1628.04115,855.968976,5833.430559
2021-08-05,2043.086319,1962.219013,1563.447516,849.829691,5876.721181
2021-08-06,2026.58308,1792.523634,1579.051041,807.373861,5851.690681
2021-08-07,2031.384292,1514.962438,1582.485643,825.983473,5782.2871
2021-08-08,2084.605496,1417.833322,1577.168474,774.016632,5704.297377
2021-08-09,2077.665533,1306.629629,1588.597851,840.184369,5821.375665
2021-08-10,2045.570063,1101.558496,1573.262453,783.559712,5791.91456
2021-08-11,2136.500058,1387.895755,1507.665713,813.535875,5802.543529
2021-08-12,2204.528148,1403.057527,1631.442735,846.375725,5829.61554
2021-08-13,2001.085408,1607.139032,1576.835457,812.37834,5764.083359
2021-08-14,2108.974836,1736.436172,1618.13368,823.18523,5823.162009
2021-08-15,2049.603135,1861.542372,1555.618616,797.413423,5800.45529
2021-08-16,2235.085018,1819.600279,1613.949832,895.781586,5861.643545
2021-08-17,1957.741049,1645.035837,1549.022189,778.763579,5889.043824
2021-08-18,1989.519094,1686.748977,1645.189979,797.121186,5722.39103
2021-08-19,2015.224059,1451.277671,1590.185092,809.615978,5765.482389
2021-08-20,1902.103705,1438.396262,1579.698246,892.839972,5774.096627
2021-08-21,1981.321938,1119.432803,1495.710183,795.035693,5706.987142
2021-08-22,2040.022511,1262.544771,1516.467386,813.251759,5748.671662
2021-08-23,1882.736991,1558.579542,1578.158927,835.116169,5868.424128
2021-08-24,1986.926198,1413.175329,1573.549908,745.461732,5675.560961
2021-08-25,2096.955263,1596.583849,1573.883489,836.38649,5785.340515
2021-08-26,1923.705807,1839.009398,1577.701059,819.5189,5876.645145
2021-08-27,1896.442142,1995.501718,1629.137261,853.916983,5760.151333
2021-08-28,1775.607134,1662.876077,1581.53195,853.730344,5695.030731
2021-08-29,1939.091864,1625.21129,1581.517973,821.842304,5515.744042
2021-08-30,1826.322349,1425.590898,1569.297246,839.640076,5771.948924
2021-08-31,1972.984921,1242.481382,1557.956472,785.474439,5743.102485
2021-09-01,2042.715974,1195.992224,1608.064478,769.674476,5597.777413
2021-09-02,1960.07906,1353.366974,1580.158744,796.739474,5821.580742
2021-09-03,1858.954378,1372.372402,1581.652475,809.03478,5864.69944
2021-09-04,1953.699537,1412.352883,1604.766379,792.926593,5695.992177
2021-09-05,1868.315176,1645.412121,1596.345288,814.740582,5597.506061
2021-09-06,1815.536624,1825.682675,1621.421679,820.351996,5730.998824
2021-09-07,1852.981307,1716.850157,1619.54325,853.456057,5685.083338
2021-09-08,1898.088825,1707.031667,1548.332832,794.952761,5784.978926
2021-09-09,1849.052698,1583.866312,1565.385132,784.892144,5770.264035
2021-09-10,1904.831354,1254.458863,1626.002708,812.957115,5845.730249
2021-09-11,2011.450349,1460.621538,1578.612021,804.827231,5605.503704
2021-09-12,1897.362674,1076.075219,1613.351631,815.161968,5678.611438
2021-09-13,1900.548643,1252.553356,1560.081122,848.63367,5701.111825
2021-09-14,1794.138303,1348.302211,1505.329822,771.344124,5658.707482
2021-09-15,1927.257226,1480.754788,1512.885949,818.319246,5712.807652
2021-09-16,1851.920026,1814.977578,1564.591863,836.433407,5640.865382
2021-09-17,1891.121427,1828.894979,1573.055847,833.853515,5637.824416
2021-09-18,1758.990694,1774.592468,1669.279329,749.172305,5646.038328
2021-09-19,1823.028159,1882.066717,1612.759686,784.18479,5639.709571
2021-09-20,1634.98843,1678.236062,1610.268748,832.014085,5635.78525
2021-09-21,1767.862986,1359.331343,1617.077893,792.622153,5623.638482
2021-09-22,1726.921802,1167.246684,1528.245652,805.43591,5678.38003
2021-09-23,1708.721321,1311.320938,1585.284984,788.192227,5630.919106
2021-09-24,1893.836675,1246.175489,1578.572739,830.281614,5747.677552
2021-09-25,1657.990372,1244.814783,1649.91856,797.991864,5540.594534
2021-09-26,1748.19235,1597.352595,1555.80315,781.340363,5458.171459
2021-09-27,1741.912847,1590.601513,1528.139882,792.739254,5613.804402
2021-09-28,1782.288003,1775.476608,1580.585683,831.594622,5715.615301
2021-09-29,1809.028601,1790.829824,1570.231163,801.01068,5847.214294
2021-09-30,1619.149996,1614.41744,1579.044537,739.035001,5719.7109
2021-10-01,1686.84994,1706.800462,1582.615827,724.576588,5564.366469
2021-10-02,1668.763284,1784.627156,1578.684196,807.896104,5480.227177
2021-10-03,1760.237394,1379.797877,1549.71924,735.679308,5566.582559
2021-10-04,1770.341329,1286.958604,1555.137709,789.945832,5657.932058
2021-10-05,1669.32143,1254.508617,1649.904595,763.455618,5682.682471
2021-10-06,1653.455075,1389.794476,1546.043093,791.10295,5833.419534
2021-10-07,1613.92027,1593.387332,1583.992143,761.916168,5583.82973
2021-10-08,1703.947126,1797.086386,1529.896738,711.606781,5587.758842
2021-10-09,1788.63254,1814.296231,1503.41132,825.291133,5542.862078
2021-10-10,1691.823652,1891.006865,1593.299772,781.282875,5549.421073
2021-10-11,1609.692724,1796.956996,1567.376959,776.848565,5683.174902
2021-10-12,1594.19583,1719.739456,1605.355769,829.269212,5732.985603
2021-10-13,1596.280339,1579.396269,1594.620923,802.591703,5663.848101
2021-10-14,1524.453216,1447.197958,1565.092944,814.804087,5751.843339
2021-10-15,1755.133866,1237.299561,1528.681094,775.036679,5680.380252
2021-10-16,1632.602774,1262.09225,1620.735193,785.061547,5576.635632
2021-10-17,1598.158792,1486.805113,1554.245268,794.955841,5405.575764
2021-10-18,1771.885757,1574.592398,1625.18347,762.893308,5594.979115
2021-10-19,1624.798978,1752.061709,1573.495741,806.15387,5634.602023
2021-10-20,1707.247888,1932.22963,1579.296329,794.359071,5719.541684
2021-10-21,1616.45378,1953.161762,1567.431361,772.046084,5614.615548
2021-10-22,1668.757756,1967.876205,1560.324429,769.220252,5588.916363
2021-10-23,1590.887292,1592.636367,1535.338105,807.759013,5487.067206
2021-10-24,1554.38064,1629.008031,1622.217482,776.622765,5689.064235
2021-10-25,1603.243722,1339.503333,1507.839588,794.036175,5548.631917
2021-10-26,1619.12237,1371.932546,1484.082721,790.745249,5689.794833
2021-10-27,1639.729063,1222.763812,1545.227409,776.285627,5676.101309
2021-10-28,1572.063505,1447.141682,1510.015734,685.557955,5790.367681
2021-10-29,1535.146119,1576.438482,1564.749342,793.232905,5731.583621
2021-10-30,1521.353862,1965.480071,1522.302215,807.353968,5529.93895
2021-10-31,1563.765417,1839.87127,1567.503084,764.133187,5627.477637
2021-11-01,1502.893956,2056.673561,1527.55377,763.583116,5785.781876
2021-11-02,1509.035587,1810.733269,1494.803168,810.544531,5653.154931
2021-11-03,1564.928965,1636.548425,1508.316259,748.347198,5547.798313
2021-11-04,1563.195289,1591.077206,1541.613547,822.106481,5587.958697
2021-11-05,1552.643919,1512.703743,1493.53727,802.285605,5691.605169
2021-11-06,1460.277616,1341.635317,1483.608879,827.310675,5486.398978
2021-11-07,1406.949474,1429.669035,1503.858162,785.15978,5582.359339
2021-11-08,1522.646048,1516.664111,1518.692019,790.112165,5786.224402
2021-11-09,1506.977867,1663.923418,1548.196031,795.862114,5713.001345
2021-11-10,1468.012821,1967.808229,1517.837119,741.584681,5876.611622
2021-11-11,1504.793481,1963.104238,1530.475641,761.925099,5690.491532
2021-11-12,1545.587341,2069.946983,1491.591985,822.285347,5604.177354
2021-11-13,1467.869116,1817.06706,1559.895543,769.083886,5602.164321
2021-11-14,1505.942539,1758.607218,1569.314114,761.305196,5669.449711
2021-11-15,1405.632929,1686.694558,1468.201642,800.569099,5598.958244
2021-11-16,1454.880798,1414.626105,1496.831378,832.628209,5752.293663
2021-11-17,1408.377188,1192.842082,1481.640937,790.29224,5852.851828
2021-11-18,1361.606721,1482.600924,1494.59731,784.445516,5738.817714
2021-11-19,1489.850272,1587.021928,1470.292415,792.449317,5873.070391
2021-11-20,1257.214334,1682.94029,1454.155972,806.76285,5485.242971
2021-11-21,1448.241802,1892.749773,1430.899536,747.478798,5656.764037
2021-11-22,1503.873228,1972.557074,1455.847446,806.193267,5597.389287
2021-11-23,1474.241982,2066.519007,1471.462056,808.352569,5594.937829
2021-11-24,1334.795235,2061.169085,1504.340414,828.357619,5620.681179
2021-11-25,1457.22358,1844.16591,1485.542768,830.168217,5829.893504
2021-11-26,1309.38591,1634.317229,1448.954996,818.150098,5772.400238
2021-11-27,1372.840531,1453.038299,1437.959625,859.938352,5745.195527
2021-11-28,1532.491574,1412.311779,1406.059366,800.872488,5565.055194
2021-11-29,1440.896745,1410.244469,1479.483559,798.073699,5620.478035
2021-11-30,1509.803872,1662.861731,1456.408318,851.177661,5833.408572
2021-12-01,1348.337778,1654.226262,1471.630601,806.813773,5709.74739
2021-12-02,1277.383231,1870.964696,1474.266149,786.655915,5646.087063
2021-12-03,1368.431141,2074.979784,1464.492427,788.631765,5837.520324
2021-12-04,1508.810615,2102.59461,1439.481215,805.530057,5743.826924
2021-12-05,1481.85627,2025.063866,1430.319444,766.192919,5599.737701
2021-12-06,1490.539724,1818.772249,1403.130772,837.425759,5799.720184
2021-12-07,1403.746349,1701.111003,1413.132887,817.865721,5836.808134
2021-12-08,1406.34318,1408.634182,1447.451193,847.855798,5719.251137
2021-12-09,1397.191592,1329.908959,1508.468549,779.859885,5733.868067
2021-12-10,1613.21577,1380.465414,1413.508552,801.076327,5828.425417
2021-12-11,1415.241713,1650.244827,1433.191118,793.170071,5824.96449
2021-12-12,1531.841024,1913.24408,1533.524764,829.323983,5615.215247
2021-12-13,1394.948613,1925.219726,1423.40353,826.089257,5886.960871
2021-12-14,1503.214275,2033.576065,1405.70785,838.011503,5873.409682
2021-12-15,1330.162024,2086.530477,1415.407162,837.57762,5846.649267
2021-12-16,1370.356796,2206.131592,1403.893187,785.159773,5819.826144
2021-12-17,1430.150457,1916.765734,1342.719959,826.977396,5771.983613
2021-12-18,1364.951134,1732.672354,1436.173719,822.286323,5781.410988
2021-12-19,1376.221777,1527.159319,1342.858485,820.120637,5721.731783
2021-12-20,1393.645488,1552.687327,1382.383228,836.921756,5650.401239
2021-12-21,1367.108481,1653.941355,1384.385055,766.310897,5888.830069
2021-12-22,1513.95296,1673.797696,1412.256072,803.211422,5801.206567
2021-12-23,1484.915788,1757.630213,1386.58752,816.564542,5860.761095
2021-12-24,1307.966545,2122.286185,1375.001757,800.660254,6045.404234
2021-12-25,1526.699992,2121.711396,1358.963015,792.188918,5791.084516
2021-12-26,1404.630787,2312.626331,1394.693629,855.470982,5595.33199
2021-12-27,1405.99995,1987.014586,1372.106459,854.949824,5857.398939
2021-12-28,1397.438605,1922.582399,1356.386916,880.751727,5803.604619
2021-12-29,1471.333173,1785.548439,1332.42943,803.016136,5987.34169
2021-12-30,1461.133418,1457.748752,1346.449156,762.696932,5633.303766
2021-12-31,1375.840181,1553.436175,1379.216877,852.374604,5962.212351
